{"presets":{"King":{"sidebar_bg":"#ffffff","sidebar_txt":"#000000","sidebar_accent":"#ff0000","body_bg":"#ffffff","body_txt":"#000000","body_accent":"#ff0000","footer_bg":"#0d0d0d","footer_txt":"#ffffff","footer_accent":"#909090","headings_font":"montserrat_n6","headings_size":22,"body_font":"montserrat_n5","body_size":14,"body_size_alt":18,"grid_aspect":"natural","grid_show_secondary_image":true,"grid_enhance_featured_product":true,"grid_discount":"percentage","grid_style":"classic","grid_color_bg":"#000000","grid_color_text":"#ffffff","show_reviews_badge":false,"favicon":"","cart_action":"overlay","cart_notes_enable":true,"cart_additional_buttons":false,"show_preloader":true,"show_breadcrumb":true},"Queen":{"sidebar_bg":"#000000","sidebar_txt":"#b1b1b1","sidebar_accent":"#ffffff","body_bg":"#eaeaea","body_accent":"#0000ff","footer_bg":"#0000ff","footer_accent":"#c4c7f8","grid_show_secondary_image":true,"grid_enhance_featured_product":true,"grid_discount":"percentage","grid_color_bg":"rgba(0,0,0,0)","grid_color_text":"#000000","show_reviews_badge":true,"cart_action":"overlay","cart_notes_enable":true},"Prince":{"sidebar_bg":"#d92f34","sidebar_txt":"#ffffff","sidebar_accent":"#ffffff","body_accent":"#d92f34","footer_accent":"#ff454b","body_font":"montserrat_n4","grid_show_secondary_image":true,"grid_enhance_featured_product":true,"grid_discount":"percentage","grid_style":"classic","cart_action":"overlay","cart_notes_enable":true}},"current":{"sidebar_bg":"#f4f1ea","sidebar_txt":"#827c77","sidebar_accent":"#827c77","body_bg":"#f4f1ea","body_txt":"#827c77","body_accent":"#827c77","footer_bg":"#f4f1ea","footer_txt":"#827c77","footer_accent":"#827c77","headings_font":"montserrat_n6","headings_size":18,"body_font":"montserrat_n5","body_size":14,"body_size_alt":14,"layout_horizontal_space":90,"grid_aspect":"natural","grid_enhance_featured_product":false,"grid_show_secondary_image":true,"grid_style":"classic","grid_color_bg":"#827c77","grid_color_text":"#f4f1ea","grid_discount":"percentage","show_reviews_badge":false,"enable_quick_buy":false,"favicon":"shopify:\/\/shop_images\/favicon.png","cart_action":"overlay","cart_notes_enable":true,"cart_additional_buttons":false,"show_breadcrumb":true,"show_preloader":false,"social_facebook":"https:\/\/www.facebook.com\/profile.php?id=61554839307768","social_instagram":"https:\/\/www.instagram.com\/bimbocasa\/","checkout_logo_image":"shopify:\/\/shop_images\/Bimbo_casa_primary.png","checkout_logo_position":"center","checkout_body_background_color":"#f4f1ea","checkout_input_background_color_mode":"transparent","checkout_sidebar_background_color":"#f4f1ea","checkout_accent_color":"#827c77","checkout_button_color":"#827c77","sections":{"announcement-bar":{"type":"announcement-bar","settings":{"bar_show":false,"bar_show_on_homepage":false,"bar_show_dismiss":true,"bar_message":"Use this bar for a short, important announcement.","bar_link":"","bar_bgcolor":"#111111","bar_txtcolor":"#ffffff"}},"sidebar":{"type":"sidebar","custom_css":[".sidebar__cart-handle {display: none;}",".sidebar__container-holder {paddin-top: 40px;}"],"settings":{"logo_src":"shopify:\/\/shop_images\/logo_main_ea123363-a570-442d-8e86-caf489484286.svg","logo_width":188,"logo_mobile_src":"shopify:\/\/shop_images\/logo_mobile.svg","menu_primary":"main-menu","menu_secondary":"sidebar","show_locale_selector":false,"show_country_selector":false,"show_search":true}},"popup":{"type":"popup","custom_css":[".newsletter__input {border-bottom: 1px solid rgba(var(--color-footer-txt), 0.36) !important; border-width: 0 0 1px 0; width: 65%;}",".h1 {font-family: Optima, sans-serif !important; font-size: 28px; text-transform: uppercase; margin-bottom: 80px; text-align: center;}","h1 {font-size: 16px; text-transform: uppercase; text-align: center;}","p {font-size: 14px; margin-bottom: 16px; text-align: center;}","input,span {font-size: 10px;}",".body-text-sm {color: #a09d99;}"],"settings":{"title":"10% discount on first purchase","content":"<p>Subscribe to our newsletter so you don’t miss anything good.<\/p>","newsletter_enable":true,"popup_enable":false,"newsletter_auto":10,"newsletter_frequent":"week","image":"shopify:\/\/shop_images\/DSC_9009_1_copy.jpg"}}},"content_for_index":[],"blocks":{"5946647744298494267":{"type":"shopify:\/\/apps\/wishlist-plus\/blocks\/wishlist-app-embed\/80c3b1fc-3a8f-407e-8367-ffdeebb8b612","disabled":false,"settings":{}},"7992312962677404545":{"type":"shopify:\/\/apps\/convertwise\/blocks\/webengage-embed\/dd95aa51-f6ff-4130-b40e-401eb2355765","disabled":true,"settings":{}},"5281749993944428517":{"type":"shopify:\/\/apps\/variant-image-wizard-swatch\/blocks\/app-embed\/66205c03-f474-4e2c-b275-0a2806eeac16","disabled":false,"settings":{}},"2118589882331710876":{"type":"shopify:\/\/apps\/essential-trust-badges\/blocks\/app-embed\/0ff65b25-07e1-408e-950f-f54dd3d1751b","disabled":false,"settings":{}},"7709396684840320309":{"type":"shopify:\/\/apps\/socialwidget-instagram-feed\/blocks\/social-widget\/508b8d5b-b176-4dc6-a0ba-2b222db6eb79","disabled":false,"settings":{}}}}}