{"sections":{"main":{"type":"main-article","blocks":{"title":{"type":"title","settings":{"blog_show_date":true,"blog_show_author":false,"blog_show_comments":false}},"content":{"type":"content","settings":{}},"social_sharing":{"type":"social_sharing","settings":{}},"blog_navigation":{"type":"blog_navigation","settings":{}}},"block_order":["title","content","social_sharing","blog_navigation"],"custom_css":[".compact-header {padding-top: 0px;}",".breadcrumb {margin-bottom: 20px !important; margin: var(--compact-header-padding) auto var(--vertical-padding); padding-left: var(--horizontal-padding); padding-right: var(--horizontal-padding);}","p {color: #a09d99; margin: 24px 0 24px; font-size: 15px;}","h3 {margin-top: 40px; margin-bottom: 24px;}","h5 {margin-top: 24px;}","ul {margin-left: 40px;}"],"settings":{}},"b6b1a391-a591-4774-ae90-3df38461db82":{"type":"blog-posts","blocks":{"41c47ef4-04e0-4155-b126-40909d1a6e49":{"type":"link","settings":{}}},"block_order":["41c47ef4-04e0-4155-b126-40909d1a6e49"],"custom_css":[".rte-blog {font-size: 14px;}","a,p {font-size: 12px;}",".blog-item__excerpt {font-size: 12px;}","@media screen and (min-width: 639px) {.cols-4 .blog-item {width: 33%; }}","@media screen and (max-width: 495px) {.cols-4 .blog-item {width: 100%; }}","@media screen and (min-width: 639px) {.blog-posts__header {width: 70%; }}","@media screen and (max-width: 638px) {blog-posts__header {width: 100%; }}","span {text-transform: uppercase; font-size: 10px;}",".blog--slider.cols-4 .css-slider-navigation-container {display: none;}"],"settings":{"title":"Be Inspired","blog":"bimbo-concept-new-family-concept-store","post_limit":3,"show_image":true,"show_view_all":false,"layout":"slider cols-4","seo_h_tag":"h1"}}},"order":["main","b6b1a391-a591-4774-ae90-3df38461db82"]}