{"sections":{"main":{"type":"main-blog","blocks":{"info":{"type":"info","settings":{"show_date":false,"show_author":false}},"summary":{"type":"summary","settings":{}},"link":{"type":"link","settings":{}}},"block_order":["info","summary","link"],"custom_css":[".blog-header__title {display: none;}","p {font-size: 15px; }",".blog-item__more {font-size: 10px; text-transform: uppercase;}",".cols-2 .blog-item {width: 50%;}","@media screen and (max-width: 648px) {.cols-2 .blog-item {width: 100%; }}",".blog--grid.cols-2 {margin-bottom: calc(var(--vertical-padding)); margin-top: calc(var(--vertical-padding) \/ 2); justify-content: center;}","@media screen and (min-width: 1280px) {.blog--grid.cols-2 {width: calc(80% + var(--horizontal-padding)); margin: calc(var(--horizontal-padding)); margin-bottom: 0px !important; }}"],"settings":{"enable_tags":false,"post_limit":10,"show_image":true}},"10235d61-bd8e-4cc5-b2f6-b4b10b749d9d":{"type":"blog-posts","blocks":{"template--20690004705573__10235d61-bd8e-4cc5-b2f6-b4b10b749d9d-info-1":{"type":"info","settings":{"show_date":false,"show_author":false}},"template--20690004705573__10235d61-bd8e-4cc5-b2f6-b4b10b749d9d-summary-1":{"type":"summary","settings":{}},"511cebfc-f70e-4151-b029-4fed9332277f":{"type":"link","settings":{}},"43ccabba-e25a-48b5-b514-f78c3e9bef62":{"type":"title","disabled":true,"settings":{}}},"block_order":["template--20690004705573__10235d61-bd8e-4cc5-b2f6-b4b10b749d9d-info-1","template--20690004705573__10235d61-bd8e-4cc5-b2f6-b4b10b749d9d-summary-1","511cebfc-f70e-4151-b029-4fed9332277f","43ccabba-e25a-48b5-b514-f78c3e9bef62"],"disabled":true,"custom_css":[".rich-text__body {display: none;}","p {font-size: 12px;}",".blog-item__more {font-size: 12px;}",".cols-2 .blog-item {width: 50%;}","@media screen and (max-width: 648px) {.cols-2 .blog-item {width: 100%; }}"],"settings":{"title":"","blog":"bimbo-concept-new-family-concept-store","post_limit":12,"show_image":true,"show_view_all":false,"layout":"grid cols-2","seo_h_tag":"h1"}}},"order":["main","10235d61-bd8e-4cc5-b2f6-b4b10b749d9d"]}