{"sections":{"banner":{"type":"main-collection-banner","custom_css":["@media screen and (min-width: 760px) {h1 {text-transform: none; margin-bottom: 16px; }}",".compact-header {padding-top: 0;}","p {font-size: 14px;}"],"settings":{"show_collection_description":true,"show_collection_image":true,"color_text":"rgba(0,0,0,0)","color_bg":"rgba(0,0,0,0)"}},"product-grid":{"type":"main-collection-product-grid","custom_css":[".product__price {color: #a09d99;}"],"settings":{"products_number":16,"enable_filtering":false,"enable_sorting":false}},"ed6f7349-80a5-4668-a9f1-ce1d13317a4f":{"type":"blog-posts","blocks":{"50a1c314-6c3e-4e5f-a577-4f72a9d139cb":{"type":"link","settings":{}}},"block_order":["50a1c314-6c3e-4e5f-a577-4f72a9d139cb"],"custom_css":[".rte-blog {font-size: 14px;}","a,p {font-size: 12px;}",".blog-item__excerpt {font-size: 12px;}","@media screen and (min-width: 639px) {.cols-4 .blog-item {width: 33%; }}","@media screen and (max-width: 495px) {.cols-4 .blog-item {width: 100%; }}","@media screen and (min-width: 639px) {.blog-posts__header {width: 70%; }}","@media screen and (max-width: 638px) {blog-posts__header {width: 100%; }}","span {text-transform: uppercase; font-size: 10px;}",".css-slider-navigation-container {display: none;}"],"settings":{"title":"Be Inspired","blog":"bimbo-concept-new-family-concept-store","post_limit":3,"show_image":true,"show_view_all":false,"layout":"slider cols-4","seo_h_tag":"h1"}}},"order":["banner","product-grid","ed6f7349-80a5-4668-a9f1-ce1d13317a4f"]}