{"sections":{"banner":{"type":"main-collection-banner","custom_css":["@media screen and (min-width: 760px) {h1 {text-transform: none; margin-bottom: 16px; }}",".compact-header {padding-top: 0;}","p {font-size: 14px;}",".h0 {display: none;}"],"settings":{"show_collection_description":true,"show_collection_image":true,"color_text":"rgba(0,0,0,0)","color_bg":"rgba(0,0,0,0)"}},"be7152f6-5127-4623-b3ed-85f9af31b2b5":{"type":"gallery","blocks":{"e16954e0-f9c8-47c5-9e4d-3c666839d119":{"type":"image","settings":{"image":"shopify:\/\/shop_images\/div1115.jpg","caption":"","featured":true,"link":"shopify:\/\/collections\/bruco-petal","open_in_new_window":false}},"c0e10297-26d3-44e6-adce-30bf8c661ee3":{"type":"image","settings":{"image":"shopify:\/\/shop_images\/Frame924379_8c3100c5-c15d-41a0-a47c-f07aacc1ce59.jpg","caption":"","featured":false,"link":"shopify:\/\/products\/bruco-petal-toddler","open_in_new_window":false}},"790ea559-3be3-41fd-90da-b44b6cd6f46b":{"type":"image","settings":{"image":"shopify:\/\/shop_images\/Frame924276_25edb74c-ed92-4ccc-a861-c0bd9cd1a2b7.jpg","caption":"","featured":false,"link":"shopify:\/\/products\/bruco-petal-junior","open_in_new_window":false}},"c66801bd-38c7-4678-a039-74d8b9d2f676":{"type":"image","settings":{"image":"shopify:\/\/shop_images\/Frame924228_7b9da8f9-c709-42d2-9627-2a05e21f62dd.jpg","caption":"","featured":false,"link":"shopify:\/\/products\/bruco-petal-single","open_in_new_window":false}},"1e9ad707-e0d4-4c62-aa0b-bd540f6206ed":{"type":"image","settings":{"image":"shopify:\/\/shop_images\/Frame924228_7b9da8f9-c709-42d2-9627-2a05e21f62dd.jpg","caption":"","featured":false,"link":"shopify:\/\/products\/bruco-petal-single-narrow","open_in_new_window":false}}},"block_order":["e16954e0-f9c8-47c5-9e4d-3c666839d119","c0e10297-26d3-44e6-adce-30bf8c661ee3","790ea559-3be3-41fd-90da-b44b6cd6f46b","c66801bd-38c7-4678-a039-74d8b9d2f676","1e9ad707-e0d4-4c62-aa0b-bd540f6206ed"],"disabled":true,"settings":{"gallery_aspect":"0.83333","style_mobile":false,"slider_height":"75vh","lightbox":false,"gutter_enabled":true}},"f1095fa2-1228-4c82-b8e2-b3c1251f9d18":{"type":"gallery","blocks":{"template--20690004902181__f1095fa2-1228-4c82-b8e2-b3c1251f9d18-image-1":{"type":"image","settings":{"image":"shopify:\/\/shop_images\/div_1114.jpg","caption":"","featured":true,"link":"shopify:\/\/collections\/bruco-rattan","open_in_new_window":false}},"template--20690004902181__f1095fa2-1228-4c82-b8e2-b3c1251f9d18-image-2":{"type":"image","settings":{"image":"shopify:\/\/shop_images\/Frame924387.jpg","caption":"","featured":false,"link":"shopify:\/\/products\/bruco-rattan-toddler","open_in_new_window":false}},"template--20690004902181__f1095fa2-1228-4c82-b8e2-b3c1251f9d18-image-3":{"type":"image","settings":{"image":"shopify:\/\/shop_images\/Frame924257_0c971c26-c0d0-4e17-86c0-edeb5dcf2a7b.jpg","caption":"","featured":false,"link":"shopify:\/\/products\/bruco-rattan-junior","open_in_new_window":false}},"template--20690004902181__f1095fa2-1228-4c82-b8e2-b3c1251f9d18-image-4":{"type":"image","settings":{"image":"shopify:\/\/shop_images\/Frame924218_c62d1934-94ef-40af-9f7f-77c9fede54be.jpg","caption":"","featured":false,"link":"shopify:\/\/products\/bruco-rattan-single","open_in_new_window":false}},"template--20690004902181__f1095fa2-1228-4c82-b8e2-b3c1251f9d18-image-5":{"type":"image","settings":{"image":"shopify:\/\/shop_images\/Frame924218_c62d1934-94ef-40af-9f7f-77c9fede54be.jpg","caption":"","featured":false,"link":"shopify:\/\/products\/bruco-rattan-single-narrow","open_in_new_window":false}}},"block_order":["template--20690004902181__f1095fa2-1228-4c82-b8e2-b3c1251f9d18-image-1","template--20690004902181__f1095fa2-1228-4c82-b8e2-b3c1251f9d18-image-2","template--20690004902181__f1095fa2-1228-4c82-b8e2-b3c1251f9d18-image-3","template--20690004902181__f1095fa2-1228-4c82-b8e2-b3c1251f9d18-image-4","template--20690004902181__f1095fa2-1228-4c82-b8e2-b3c1251f9d18-image-5"],"disabled":true,"custom_css":["img {border-radius: 4px;}",".gallery[data-inner-gutter] {margin-bottom: 0px; padding-bottom: 0px;}"],"settings":{"gallery_aspect":"0.83333","style_mobile":false,"slider_height":"75vh","lightbox":false,"gutter_enabled":true}},"15b87d12-b83d-4e15-847f-efb06c554af7":{"type":"gallery","blocks":{"1fc9d7fe-ffae-41e0-94fe-e508f2201b8f":{"type":"image","settings":{"image":"shopify:\/\/shop_images\/div1115.jpg","caption":"","featured":true,"link":"shopify:\/\/collections\/bruco-petal","open_in_new_window":false}},"eded72e0-5abb-4049-8264-2603265ce008":{"type":"image","settings":{"image":"shopify:\/\/shop_images\/Frame924276_25edb74c-ed92-4ccc-a861-c0bd9cd1a2b7.jpg","caption":"","featured":false,"link":"","open_in_new_window":false}},"16c8e708-f987-4699-a264-97f2e66f9064":{"type":"image","settings":{"image":"shopify:\/\/shop_images\/Frame924266_eaf55c66-4937-4c28-81f7-0c1376df86d6.jpg","caption":"","featured":false,"link":"","open_in_new_window":false}},"80395aa8-4aee-44d9-b7e1-e9bcc753df14":{"type":"image","settings":{"image":"shopify:\/\/shop_images\/Frame924234_9e1fdbeb-c954-403e-b433-cecc274112b0.jpg","caption":"","featured":false,"link":"","open_in_new_window":false}},"622929b4-1b78-4d52-a5c3-eae93d0fb90b":{"type":"image","settings":{"image":"shopify:\/\/shop_images\/Frame924292_da5681d5-468c-44ae-aa29-0e10609b7773.jpg","caption":"","featured":false,"link":"","open_in_new_window":false}}},"block_order":["1fc9d7fe-ffae-41e0-94fe-e508f2201b8f","eded72e0-5abb-4049-8264-2603265ce008","16c8e708-f987-4699-a264-97f2e66f9064","80395aa8-4aee-44d9-b7e1-e9bcc753df14","622929b4-1b78-4d52-a5c3-eae93d0fb90b"],"disabled":true,"settings":{"gallery_aspect":"0.83333","style_mobile":false,"slider_height":"75vh","lightbox":false,"gutter_enabled":true}},"ada78fd1-c193-4f8d-b634-8270841e5545":{"type":"gallery","blocks":{"f200278b-65c9-49ce-b2ad-287399150afb":{"type":"image","settings":{"image":"shopify:\/\/shop_images\/div_1114.jpg","caption":"","featured":true,"link":"shopify:\/\/collections\/bruco-rattan","open_in_new_window":false}},"d9883df4-a606-4dcc-a4c8-70d37cf28e2c":{"type":"image","settings":{"image":"shopify:\/\/shop_images\/Frame924387.jpg","caption":"","featured":false,"link":"","open_in_new_window":false}},"b655e53b-a654-4baf-8dee-a1098b2286fb":{"type":"image","settings":{"image":"shopify:\/\/shop_images\/Frame924257_0c971c26-c0d0-4e17-86c0-edeb5dcf2a7b.jpg","caption":"","featured":false,"link":"","open_in_new_window":false}},"102932b8-5949-4674-b207-62b477449721":{"type":"image","settings":{"image":"shopify:\/\/shop_images\/Frame924218_c62d1934-94ef-40af-9f7f-77c9fede54be.jpg","caption":"","featured":false,"link":"","open_in_new_window":false}},"f5007fcb-c6ef-439c-9dad-1c8d15bd41f6":{"type":"image","settings":{"image":"shopify:\/\/shop_images\/Frame924256_5efc43b5-35ce-430d-ab08-4a40e05bd8e6.jpg","caption":"","featured":false,"link":"","open_in_new_window":false}}},"block_order":["f200278b-65c9-49ce-b2ad-287399150afb","d9883df4-a606-4dcc-a4c8-70d37cf28e2c","b655e53b-a654-4baf-8dee-a1098b2286fb","102932b8-5949-4674-b207-62b477449721","f5007fcb-c6ef-439c-9dad-1c8d15bd41f6"],"disabled":true,"settings":{"gallery_aspect":"0.83333","style_mobile":false,"slider_height":"75vh","lightbox":false,"gutter_enabled":true}},"product-grid":{"type":"main-collection-product-grid","custom_css":[],"settings":{"products_number":16,"enable_filtering":false,"enable_sorting":false}},"ed6f7349-80a5-4668-a9f1-ce1d13317a4f":{"type":"blog-posts","blocks":{"template--19855144091941__ed6f7349-80a5-4668-a9f1-ce1d13317a4f-info-1":{"type":"info","disabled":true,"settings":{"show_date":true,"show_author":false}},"template--19855144091941__ed6f7349-80a5-4668-a9f1-ce1d13317a4f-summary-1":{"type":"summary","disabled":true,"settings":{}},"b9e8a1aa-eb6d-44fe-901f-6a8d6b52075c":{"type":"link","settings":{}}},"block_order":["template--19855144091941__ed6f7349-80a5-4668-a9f1-ce1d13317a4f-info-1","template--19855144091941__ed6f7349-80a5-4668-a9f1-ce1d13317a4f-summary-1","b9e8a1aa-eb6d-44fe-901f-6a8d6b52075c"],"custom_css":[".rte-blog {font-size: 14px;}","a,p {font-size: 12px;}",".blog-item__excerpt {font-size: 12px;}","@media screen and (min-width: 639px) {.cols-4 .blog-item {width: 33%; }}","@media screen and (max-width: 495px) {.cols-4 .blog-item {width: 100%; }}","@media screen and (min-width: 639px) {.blog-posts__header {width: 70%; }}","@media screen and (max-width: 638px) {blog-posts__header {width: 100%; }}","span {text-transform: uppercase; font-size: 10px;}",".blog--slider.cols-4 .css-slider-navigation-container {display: none;}",".with-gutter {margin-bottom: 0px;}"],"settings":{"title":"Be Inspired","blog":"bimbo-concept-new-family-concept-store","post_limit":3,"show_image":true,"show_view_all":false,"layout":"slider cols-4","seo_h_tag":"h1"}}},"order":["banner","be7152f6-5127-4623-b3ed-85f9af31b2b5","f1095fa2-1228-4c82-b8e2-b3c1251f9d18","15b87d12-b83d-4e15-847f-efb06c554af7","ada78fd1-c193-4f8d-b634-8270841e5545","product-grid","ed6f7349-80a5-4668-a9f1-ce1d13317a4f"]}