{"sections":{"banner":{"type":"main-collection-banner","custom_css":["@media screen and (min-width: 760px) {h1 {text-transform: none; margin-bottom: 16px; }}",".compact-header {padding-top: 0;}","p {font-size: 14px;}"],"settings":{"show_collection_description":true,"show_collection_image":true,"color_text":"rgba(0,0,0,0)","color_bg":"rgba(0,0,0,0)"}},"be7152f6-5127-4623-b3ed-85f9af31b2b5":{"type":"gallery","blocks":{"e16954e0-f9c8-47c5-9e4d-3c666839d119":{"type":"image","settings":{"image":"shopify:\/\/shop_images\/div1115.jpg","caption":"","featured":true,"link":"shopify:\/\/collections\/bruco-petal","open_in_new_window":false}},"c0e10297-26d3-44e6-adce-30bf8c661ee3":{"type":"image","settings":{"image":"shopify:\/\/shop_images\/Frame_924443.jpg","caption":"","featured":false,"link":"shopify:\/\/products\/bruco-petal-toddler","open_in_new_window":false}},"790ea559-3be3-41fd-90da-b44b6cd6f46b":{"type":"image","settings":{"image":"shopify:\/\/shop_images\/Frame_924442.jpg","caption":"","featured":false,"link":"shopify:\/\/products\/bruco-petal-junior","open_in_new_window":false}},"c66801bd-38c7-4678-a039-74d8b9d2f676":{"type":"image","settings":{"image":"shopify:\/\/shop_images\/Frame_924440.jpg","caption":"","featured":false,"link":"shopify:\/\/products\/bruco-petal-single","open_in_new_window":false}},"1e9ad707-e0d4-4c62-aa0b-bd540f6206ed":{"type":"image","settings":{"image":"shopify:\/\/shop_images\/Frame_924441.jpg","caption":"","featured":false,"link":"shopify:\/\/products\/bruco-petal-single-narrow","open_in_new_window":false}}},"block_order":["e16954e0-f9c8-47c5-9e4d-3c666839d119","c0e10297-26d3-44e6-adce-30bf8c661ee3","790ea559-3be3-41fd-90da-b44b6cd6f46b","c66801bd-38c7-4678-a039-74d8b9d2f676","1e9ad707-e0d4-4c62-aa0b-bd540f6206ed"],"settings":{"gallery_aspect":"0.83333","style_mobile":false,"slider_height":"75vh","lightbox":false,"gutter_enabled":true}},"f1095fa2-1228-4c82-b8e2-b3c1251f9d18":{"type":"gallery","blocks":{"template--20690004902181__f1095fa2-1228-4c82-b8e2-b3c1251f9d18-image-1":{"type":"image","settings":{"image":"shopify:\/\/shop_images\/div_1114.jpg","caption":"","featured":true,"link":"shopify:\/\/collections\/bruco-rattan","open_in_new_window":false}},"template--20690004902181__f1095fa2-1228-4c82-b8e2-b3c1251f9d18-image-2":{"type":"image","settings":{"image":"shopify:\/\/shop_images\/Frame_924388_7d23b6b4-a67c-4966-ae17-0c3b7a3bcb01.jpg","caption":"","featured":false,"link":"shopify:\/\/products\/bruco-rattan-toddler","open_in_new_window":false}},"template--20690004902181__f1095fa2-1228-4c82-b8e2-b3c1251f9d18-image-3":{"type":"image","settings":{"image":"shopify:\/\/shop_images\/Frame_924387.jpg","caption":"","featured":false,"link":"shopify:\/\/products\/bruco-rattan-junior","open_in_new_window":false}},"template--20690004902181__f1095fa2-1228-4c82-b8e2-b3c1251f9d18-image-4":{"type":"image","settings":{"image":"shopify:\/\/shop_images\/Frame_924385.jpg","caption":"","featured":false,"link":"shopify:\/\/products\/bruco-rattan-single","open_in_new_window":false}},"template--20690004902181__f1095fa2-1228-4c82-b8e2-b3c1251f9d18-image-5":{"type":"image","settings":{"image":"shopify:\/\/shop_images\/Frame_924386.jpg","caption":"","featured":false,"link":"shopify:\/\/products\/bruco-rattan-single-narrow","open_in_new_window":false}}},"block_order":["template--20690004902181__f1095fa2-1228-4c82-b8e2-b3c1251f9d18-image-1","template--20690004902181__f1095fa2-1228-4c82-b8e2-b3c1251f9d18-image-2","template--20690004902181__f1095fa2-1228-4c82-b8e2-b3c1251f9d18-image-3","template--20690004902181__f1095fa2-1228-4c82-b8e2-b3c1251f9d18-image-4","template--20690004902181__f1095fa2-1228-4c82-b8e2-b3c1251f9d18-image-5"],"custom_css":["img {border-radius: 4px;}",".gallery[data-inner-gutter] {margin-bottom: 0px; padding-bottom: 0px;}"],"settings":{"gallery_aspect":"0.83333","style_mobile":false,"slider_height":"75vh","lightbox":false,"gutter_enabled":true}},"d5689b7c-dd12-4413-91e8-ba4a8b764ea5":{"type":"image-with-hotspots","blocks":{"template--21486275592485__d5689b7c-dd12-4413-91e8-ba4a8b764ea5-product-1":{"type":"product","settings":{"product":"tulip-sofa-green","vertical_offset_desktop":79,"horizontal_offset_desktop":50,"vertical_offset_mobile":50,"horizontal_offset_mobile":50,"tooltip_position_desktop":"top","tooltip_position_mobile":"top"}},"af142a5f-2e4e-4ab2-8ca0-b7127baba28d":{"type":"product","settings":{"product":"wing-set","vertical_offset_desktop":85,"horizontal_offset_desktop":14,"vertical_offset_mobile":50,"horizontal_offset_mobile":50,"tooltip_position_desktop":"top","tooltip_position_mobile":"top"}},"9c60bc63-1423-44c4-8650-682ba22d6e13":{"type":"product","settings":{"product":"gorilla-library","vertical_offset_desktop":50,"horizontal_offset_desktop":86,"vertical_offset_mobile":50,"horizontal_offset_mobile":50,"tooltip_position_desktop":"top","tooltip_position_mobile":"top"}}},"block_order":["template--21486275592485__d5689b7c-dd12-4413-91e8-ba4a8b764ea5-product-1","af142a5f-2e4e-4ab2-8ca0-b7127baba28d","9c60bc63-1423-44c4-8650-682ba22d6e13"],"disabled":true,"custom_css":[".slide__image {border-radius: 4px;}","[data-ratio].lazy-image img {width: 100%; object-fit: scale-down;}","@media and (min-width: 648px) and (max-width: 948px) {.slider--horizontal {height: calc(85vh - 66px) !important; }}","@media screen and (max-width: 948px) {.slider--horizontal {padding-left: calc(var(--horizontal-padding) * 2) !important; padding-right: calc(var(--horizontal-padding) * 2) !important; }}"],"settings":{"image":"shopify:\/\/shop_images\/Template_11186.jpg","color_text":"#000000","color_background":"#ffffff","gutter_enabled":true}},"7c97ab32-03fe-494e-b511-174b341a85cd":{"type":"image-with-hotspots","blocks":{"a3a1ad2c-ad18-4340-9283-295c843f5c4e":{"type":"product","settings":{"product":"cabinet","vertical_offset_desktop":52,"horizontal_offset_desktop":75,"vertical_offset_mobile":50,"horizontal_offset_mobile":50,"tooltip_position_desktop":"top","tooltip_position_mobile":"top"}},"db8f5452-cb44-4e4b-b4dd-78046e56a349":{"type":"product","settings":{"product":"quilted-blanket-2","vertical_offset_desktop":71,"horizontal_offset_desktop":28,"vertical_offset_mobile":50,"horizontal_offset_mobile":50,"tooltip_position_desktop":"top","tooltip_position_mobile":"top"}},"c4f42b5f-1443-4705-9881-09190e97daee":{"type":"product","settings":{"product":"wall-hanger-spring-blossom","vertical_offset_desktop":40,"horizontal_offset_desktop":36,"vertical_offset_mobile":50,"horizontal_offset_mobile":50,"tooltip_position_desktop":"top","tooltip_position_mobile":"top"}},"f8aa84b3-e00d-421b-8802-5906e1421d1d":{"type":"product","settings":{"product":"canopy-falling-leave","vertical_offset_desktop":16,"horizontal_offset_desktop":14,"vertical_offset_mobile":50,"horizontal_offset_mobile":50,"tooltip_position_desktop":"top","tooltip_position_mobile":"top"}},"59425ce9-ea7d-4918-adf7-36cd048c7619":{"type":"product","settings":{"product":"bruco-rattan-junior","vertical_offset_desktop":82,"horizontal_offset_desktop":46,"vertical_offset_mobile":50,"horizontal_offset_mobile":50,"tooltip_position_desktop":"top","tooltip_position_mobile":"top"}}},"block_order":["a3a1ad2c-ad18-4340-9283-295c843f5c4e","db8f5452-cb44-4e4b-b4dd-78046e56a349","c4f42b5f-1443-4705-9881-09190e97daee","f8aa84b3-e00d-421b-8802-5906e1421d1d","59425ce9-ea7d-4918-adf7-36cd048c7619"],"disabled":true,"settings":{"image":"shopify:\/\/shop_images\/Template_11126.jpg","color_text":"#000000","color_background":"#ffffff","gutter_enabled":true}},"ed6f7349-80a5-4668-a9f1-ce1d13317a4f":{"type":"blog-posts","blocks":{"template--19855144091941__ed6f7349-80a5-4668-a9f1-ce1d13317a4f-info-1":{"type":"info","disabled":true,"settings":{"show_date":true,"show_author":false}},"template--19855144091941__ed6f7349-80a5-4668-a9f1-ce1d13317a4f-summary-1":{"type":"summary","disabled":true,"settings":{}},"b9e8a1aa-eb6d-44fe-901f-6a8d6b52075c":{"type":"link","settings":{}}},"block_order":["template--19855144091941__ed6f7349-80a5-4668-a9f1-ce1d13317a4f-info-1","template--19855144091941__ed6f7349-80a5-4668-a9f1-ce1d13317a4f-summary-1","b9e8a1aa-eb6d-44fe-901f-6a8d6b52075c"],"custom_css":[".rte-blog {font-size: 14px;}","a,p {font-size: 12px;}",".blog-item__excerpt {font-size: 12px;}","@media screen and (min-width: 639px) {.cols-4 .blog-item {width: 33%; }}","@media screen and (max-width: 495px) {.cols-4 .blog-item {width: 100%; }}","@media screen and (min-width: 639px) {.blog-posts__header {width: 70%; }}","@media screen and (max-width: 638px) {blog-posts__header {width: 100%; }}","span {text-transform: uppercase; font-size: 10px;}",".blog--slider.cols-4 .css-slider-navigation-container {display: none;}",".with-gutter {margin-bottom: 0px;}"],"settings":{"title":"Be Inspired","blog":"bimbo-concept-new-family-concept-store","post_limit":3,"show_image":true,"show_view_all":false,"layout":"slider cols-4","seo_h_tag":"h1"}},"product-grid":{"type":"main-collection-product-grid","disabled":true,"custom_css":[".product__price {display: none;}"],"settings":{"products_number":12,"enable_filtering":false,"enable_sorting":false}}},"order":["banner","be7152f6-5127-4623-b3ed-85f9af31b2b5","f1095fa2-1228-4c82-b8e2-b3c1251f9d18","d5689b7c-dd12-4413-91e8-ba4a8b764ea5","7c97ab32-03fe-494e-b511-174b341a85cd","ed6f7349-80a5-4668-a9f1-ce1d13317a4f","product-grid"]}