{"sections":{"a689eb47-3188-43da-b12d-4599d33b2b1f":{"type":"slider-horizontal","blocks":{"template--20690005033253__a689eb47-3188-43da-b12d-4599d33b2b1f-image-1":{"type":"image","settings":{"image":"shopify:\/\/shop_images\/home_11.jpg","mobile_image":"shopify:\/\/shop_images\/home_1.jpg","title":"","subheading":"","caption":"","button_label":"","url":"","color_text":"rgba(0,0,0,0)","color_bg":"rgba(0,0,0,0)","seo_h_tag":"h2"}},"727ff2d1-e554-47fb-8ac6-f051e352e3e3":{"type":"image","settings":{"image":"shopify:\/\/shop_images\/Frame_9898.jpg","mobile_image":"shopify:\/\/shop_images\/home_2.jpg","title":"","subheading":"","caption":"","button_label":"","url":"","color_text":"rgba(0,0,0,0)","color_bg":"rgba(0,0,0,0)","seo_h_tag":"h2"}},"template--20690005033253__a689eb47-3188-43da-b12d-4599d33b2b1f-image-3":{"type":"image","settings":{"image":"shopify:\/\/shop_images\/Frame_9140_5.jpg","mobile_image":"shopify:\/\/shop_images\/home_3.jpg","title":"","subheading":"","caption":"","button_label":"","url":"","color_text":"rgba(0,0,0,0)","color_bg":"rgba(0,0,0,0)","seo_h_tag":"h2"}}},"block_order":["template--20690005033253__a689eb47-3188-43da-b12d-4599d33b2b1f-image-1","727ff2d1-e554-47fb-8ac6-f051e352e3e3","template--20690005033253__a689eb47-3188-43da-b12d-4599d33b2b1f-image-3"],"custom_css":["@media screen and (min-width: 948px) {.css-slider-viewport {padding-top: 40px; padding-right: 40px; padding-bottom: 24px; padding-left: 0; }}"],"settings":{"size":"100vh","mobile_size":"100vh","text_size":"regular","alignment":"horizontal-left vertical-bottom","gutter_enabled":false}},"2575912e-0d35-48b3-be43-1baec9e4d39a":{"type":"rich-text","blocks":{"template--20690005033253__2575912e-0d35-48b3-be43-1baec9e4d39a-heading-1":{"type":"heading","settings":{"heading":"<h1>BIMBO CASA presents<\/h1>","heading_size":"regular","seo_h_tag":"h1"}},"template--20690005033253__2575912e-0d35-48b3-be43-1baec9e4d39a-text-1":{"type":"text","settings":{"text":"<h3>a Wonderland for Young Minds<\/h3>"}},"template--20690005033253__2575912e-0d35-48b3-be43-1baec9e4d39a-button-1":{"type":"button","settings":{"button_label":"discover collections","button_link":"shopify:\/\/collections"}}},"block_order":["template--20690005033253__2575912e-0d35-48b3-be43-1baec9e4d39a-heading-1","template--20690005033253__2575912e-0d35-48b3-be43-1baec9e4d39a-text-1","template--20690005033253__2575912e-0d35-48b3-be43-1baec9e4d39a-button-1"],"custom_css":[".button {font-size: 10px; text-decoration: underline; text-underline-offset: 8px;}","h3 {text-transform: uppercase; letter-spacing: 0.96px; font-size: 32px;}","h1 {text-transform: uppercase; font-size: 12px; letter-spacing: 0.48px; margin-bottom: -8px;}",".rich-text__content {margin-top: 60px; margin-bottom: 60px;}","#rich-text-template--20789651865893__a6c97dcb-7c2c-4b01-9d19-626547a66c98 {text-align: center; display: flex; justify-content: center;}"],"settings":{"text_alignment":"center","image_position":"align-left","image_height":"50vh","color_text":"#827c77","color_bg":"rgba(0,0,0,0)"}},"b761939a-8f3b-410e-aecd-56c07e398f08":{"type":"gallery","blocks":{"template--20690005033253__b761939a-8f3b-410e-aecd-56c07e398f08-image-1":{"type":"image","settings":{"image":"shopify:\/\/shop_images\/Frame_924236.jpg","caption":"collection","featured":true,"link":"shopify:\/\/collections\/falling-leave","open_in_new_window":false}},"template--20690005033253__b761939a-8f3b-410e-aecd-56c07e398f08-image-2":{"type":"image","settings":{"image":"shopify:\/\/shop_images\/Frame_924237.jpg","caption":"","featured":false,"link":"shopify:\/\/collections\/spring-sprout","open_in_new_window":false}},"template--20690005033253__b761939a-8f3b-410e-aecd-56c07e398f08-image-3":{"type":"image","settings":{"image":"shopify:\/\/shop_images\/Frame_924238.jpg","caption":"","featured":false,"link":"shopify:\/\/collections\/fish-dance","open_in_new_window":false}},"template--20690005033253__b761939a-8f3b-410e-aecd-56c07e398f08-image-5":{"type":"image","settings":{"image":"shopify:\/\/shop_images\/Frame_924235.jpg","caption":"","featured":true,"link":"shopify:\/\/collections\/the-explorer","open_in_new_window":false}},"7540f525-2ebd-4c00-a98d-18ce9cdda5fd":{"type":"image","settings":{"image":"shopify:\/\/shop_images\/Frame_924239.jpg","caption":"","featured":true,"link":"shopify:\/\/collections\/safari","open_in_new_window":false}},"template--20690005033253__b761939a-8f3b-410e-aecd-56c07e398f08-image-4":{"type":"image","settings":{"image":"shopify:\/\/shop_images\/Frame_924245_1eda9e9d-5d79-4fe8-ba57-2ffbbf044449.jpg","caption":"","featured":true,"link":"shopify:\/\/collections\/we-love-hong-kong","open_in_new_window":false}},"template--20690005033253__b761939a-8f3b-410e-aecd-56c07e398f08-image-6":{"type":"image","settings":{"image":"shopify:\/\/shop_images\/Frame_924242.jpg","caption":"","featured":false,"link":"shopify:\/\/collections\/bruco-rattan","open_in_new_window":false}},"43afbfac-4b74-41be-8d00-7496e8a82562":{"type":"image","settings":{"image":"shopify:\/\/shop_images\/Frame_924241.jpg","caption":"","featured":false,"link":"shopify:\/\/collections\/bruco-petal","open_in_new_window":false}}},"block_order":["template--20690005033253__b761939a-8f3b-410e-aecd-56c07e398f08-image-1","template--20690005033253__b761939a-8f3b-410e-aecd-56c07e398f08-image-2","template--20690005033253__b761939a-8f3b-410e-aecd-56c07e398f08-image-3","template--20690005033253__b761939a-8f3b-410e-aecd-56c07e398f08-image-5","7540f525-2ebd-4c00-a98d-18ce9cdda5fd","template--20690005033253__b761939a-8f3b-410e-aecd-56c07e398f08-image-4","template--20690005033253__b761939a-8f3b-410e-aecd-56c07e398f08-image-6","43afbfac-4b74-41be-8d00-7496e8a82562"],"custom_css":[],"settings":{"gallery_aspect":"1","style_mobile":false,"slider_height":"75vh","lightbox":true,"gutter_enabled":true}},"96e7ee41-0086-4740-88d1-879e132a797a":{"type":"featured-collection","disabled":true,"custom_css":[".with-gutter {margin-top: calc(var(--vertical-padding) \/ 4);}"],"settings":{"title":"","show_view_all":false,"layout":"slider","products_number":4,"collection":"safari","seo_h_tag":"h2"}},"7ede21e3-a018-49f0-85d2-2960ddf2a107":{"type":"image-with-hotspots","blocks":{"template--20690005033253__7ede21e3-a018-49f0-85d2-2960ddf2a107-product-1":{"type":"product","settings":{"product":"wall-hanger-spring-blossom","vertical_offset_desktop":44,"horizontal_offset_desktop":36,"vertical_offset_mobile":50,"horizontal_offset_mobile":50,"tooltip_position_desktop":"top","tooltip_position_mobile":"top"}},"b4d64393-6531-45af-9d3e-072700f4befd":{"type":"product","settings":{"product":"cabinet","vertical_offset_desktop":59,"horizontal_offset_desktop":65,"vertical_offset_mobile":50,"horizontal_offset_mobile":50,"tooltip_position_desktop":"top","tooltip_position_mobile":"top"}},"735a3997-95ac-4831-ba74-44067644b704":{"type":"product","settings":{"product":"bruco-petal-junior","vertical_offset_desktop":84,"horizontal_offset_desktop":43,"vertical_offset_mobile":50,"horizontal_offset_mobile":50,"tooltip_position_desktop":"top","tooltip_position_mobile":"top"}},"b79b06f7-38f8-4bcf-acaf-7b6dc2cb293d":{"type":"product","settings":{"product":"canopy-falling-leave","vertical_offset_desktop":19,"horizontal_offset_desktop":10,"vertical_offset_mobile":50,"horizontal_offset_mobile":50,"tooltip_position_desktop":"top","tooltip_position_mobile":"top"}}},"block_order":["template--20690005033253__7ede21e3-a018-49f0-85d2-2960ddf2a107-product-1","b4d64393-6531-45af-9d3e-072700f4befd","735a3997-95ac-4831-ba74-44067644b704","b79b06f7-38f8-4bcf-acaf-7b6dc2cb293d"],"disabled":true,"settings":{"image":"shopify:\/\/shop_images\/Template_11126.jpg","color_text":"#827c77","color_background":"#ffffff","gutter_enabled":true}},"social_widget_61857":{"type":"social-widget","settings":{"social_widget_id":"61857","social_product_id":"none","social_widget_type":"none"}}},"order":["a689eb47-3188-43da-b12d-4599d33b2b1f","2575912e-0d35-48b3-be43-1baec9e4d39a","b761939a-8f3b-410e-aecd-56c07e398f08","96e7ee41-0086-4740-88d1-879e132a797a","7ede21e3-a018-49f0-85d2-2960ddf2a107","social_widget_61857"]}