{"sections":{"main":{"type":"main-page","custom_css":["p {font-size: 14px;}","h1 {margin-bottom: 16px !important;}",".centered-section-content {padding-left: var(--horizontal-padding) !important; padding-right: var(--horizontal-padding) !important; margin-bottom: -50px;}"],"settings":{}},"63f5b761-8d64-4ff1-b512-e37552cb456d":{"type":"gallery","blocks":{"template--20720618799397__63f5b761-8d64-4ff1-b512-e37552cb456d-image-1":{"type":"image","settings":{"image":"shopify:\/\/shop_images\/Frame_9992_0f61d6e4-02df-4b34-81e0-11ff7c21b88f.jpg","caption":"","featured":true,"link":"shopify:\/\/collections\/gifts-for-little-ones","open_in_new_window":false}},"template--20720618799397__63f5b761-8d64-4ff1-b512-e37552cb456d-image-2":{"type":"image","settings":{"image":"shopify:\/\/shop_images\/Frame_9993_1e946294-3582-4d2b-a1ca-3dc21ad77ea2.jpg","caption":"","featured":false,"link":"shopify:\/\/collections\/gifts-for-baby-kids","open_in_new_window":false}},"template--20720618799397__63f5b761-8d64-4ff1-b512-e37552cb456d-image-3":{"type":"image","settings":{"image":"shopify:\/\/shop_images\/Frame_9994_03ad9dc9-088a-4926-bb58-40806fc43df9.jpg","caption":"","featured":false,"link":"shopify:\/\/collections\/gifts-for-her","open_in_new_window":false}},"template--20720618799397__63f5b761-8d64-4ff1-b512-e37552cb456d-image-4":{"type":"image","settings":{"image":"shopify:\/\/shop_images\/Frame_9995_7292be0e-5444-4fed-b2d5-c298f94a660d.jpg","caption":"","featured":false,"link":"shopify:\/\/collections\/gifts-for-him","open_in_new_window":false}},"template--20720618799397__63f5b761-8d64-4ff1-b512-e37552cb456d-image-5":{"type":"image","settings":{"image":"shopify:\/\/shop_images\/Frame_9996_70564cca-6143-4340-911c-d0321e5e0cb9.jpg","caption":"","featured":false,"link":"shopify:\/\/collections\/gifts-for-home","open_in_new_window":false}}},"block_order":["template--20720618799397__63f5b761-8d64-4ff1-b512-e37552cb456d-image-1","template--20720618799397__63f5b761-8d64-4ff1-b512-e37552cb456d-image-2","template--20720618799397__63f5b761-8d64-4ff1-b512-e37552cb456d-image-3","template--20720618799397__63f5b761-8d64-4ff1-b512-e37552cb456d-image-4","template--20720618799397__63f5b761-8d64-4ff1-b512-e37552cb456d-image-5"],"custom_css":["img {border-radius: 4px;}",".gallery {padding-right: var(--horizontal-padding) calc(var(--grid-gutter) \/ 2); padding-left: var(--horizontal-padding) calc(var(--grid-gutter) \/ 2); padding-top: 0px;}"],"settings":{"gallery_aspect":"0.83333","style_mobile":false,"slider_height":"75vh","lightbox":false,"gutter_enabled":true}},"ebc7d318-36ca-4061-98af-6e1caf063cfc":{"type":"rich-text","blocks":{"template--20720618799397__ebc7d318-36ca-4061-98af-6e1caf063cfc-heading-1":{"type":"heading","settings":{"heading":"<h1>YOUR VISION, OUR CRAFT<\/h1><h1><\/h1>","heading_size":"regular","seo_h_tag":"h3"}},"template--20720618799397__ebc7d318-36ca-4061-98af-6e1caf063cfc-text-1":{"type":"text","settings":{"text":"<h3>CUSTOMIZED<br\/>FURNITURE<\/h3>"}},"3223bec9-a1f9-497f-a536-23af58e0fd9c":{"type":"text","settings":{"text":"<h6>Introducing our extraordinary customized service for kids furniture! We believe that children's furniture should be as unique and special as the children themselves. With our customization options, you can create personalized furniture that perfectly matches your child's taste, style, and needs.<\/h6>"}},"b6177bf9-2978-4c54-b185-c5c91d98b480":{"type":"button","settings":{"button_label":"INQUIRE NOW","button_link":""}}},"block_order":["template--20720618799397__ebc7d318-36ca-4061-98af-6e1caf063cfc-heading-1","template--20720618799397__ebc7d318-36ca-4061-98af-6e1caf063cfc-text-1","3223bec9-a1f9-497f-a536-23af58e0fd9c","b6177bf9-2978-4c54-b185-c5c91d98b480"],"disabled":true,"custom_css":["h3 {font-size: 32px; text-transform: uppercase; letter-spacing: 0.96px; margin-top: 8px;}","h1 {text-transform: uppercase; font-size: 12px; letter-spacing: 0.48px; opacity: 0.8;}","h6 {margin-top: 40px; opacity: 0.8;}",".button {font-size: 10px;}",".rich-text {padding-bottom: calc(var(--vertical-padding-more) \/ 2); margin-left: var(--horizontal-padding) !important; margin-right: var(--horizontal-padding) !important; padding-top: 40px;}","h5 {font-size: 10px;}"],"settings":{"text_alignment":"center","image_position":"align-left","image_height":"75vh","color_text":"rgba(0,0,0,0)","color_bg":"#ffffff"}},"30bb530c-c114-458a-a02e-231b480af334":{"type":"image","disabled":true,"custom_css":["#image-template--20720618799397__30bb530c-c114-458a-a02e-231b480af334 {background-color: #fdfdfd !important; padding-left: calc(var(--horizontal-padding) * 4); padding-right: calc(var(--horizontal-padding) * 4); padding-bottom: 40px; margin-left: var(--horizontal-padding) !important; margin-right: var(--horizontal-padding) !important; padding-bottom: 60px;}","@media screen and (max-width: 648px) {#image-template--20720618799397__30bb530c-c114-458a-a02e-231b480af334 {padding-left: 20px; padding-right: 20px; }}"],"settings":{"image":"shopify:\/\/shop_images\/Custom_furnish.jpg","mobile_image":"shopify:\/\/shop_images\/Custom_furnish.jpg","link":"","open_in_new_window":false,"gutter_enabled":false}},"235541d5-a2f7-4a06-9341-dea1830a44e0":{"type":"rich-text","blocks":{"template--20720618799397__235541d5-a2f7-4a06-9341-dea1830a44e0-heading-1":{"type":"heading","settings":{"heading":"<h1>PERSONALISATION SERVICE FOR OUR ICONIC<\/h1>","heading_size":"regular","seo_h_tag":"h1"}},"template--20720618799397__235541d5-a2f7-4a06-9341-dea1830a44e0-text-1":{"type":"text","settings":{"text":"<h3>tulip collection<\/h3>"}},"6f1371c0-d918-4d2f-aa0f-8a4f90a07204":{"type":"text","settings":{"text":"<h6>Introducing our extraordinary customized service for kids furniture! We believe that children's furniture should be as unique and special as the children themselves. With our customization options, you can create personalized furniture that perfectly matches your child's taste, style, and needs.<\/h6>"}},"template--20720618799397__235541d5-a2f7-4a06-9341-dea1830a44e0-button-1":{"type":"button","settings":{"button_label":"book now","button_link":"shopify:\/\/pages\/contact"}}},"block_order":["template--20720618799397__235541d5-a2f7-4a06-9341-dea1830a44e0-heading-1","template--20720618799397__235541d5-a2f7-4a06-9341-dea1830a44e0-text-1","6f1371c0-d918-4d2f-aa0f-8a4f90a07204","template--20720618799397__235541d5-a2f7-4a06-9341-dea1830a44e0-button-1"],"custom_css":["h3 {font-size: 32px; text-transform: uppercase; letter-spacing: 0.96px; margin-top: 8px;}","h1 {text-transform: uppercase; font-size: 12px; letter-spacing: 0.48px; opacity: 0.8;}","h6 {margin-top: 40px; opacity: 0.8;}",".button {font-size: 10px; text-decoration: underline; text-underline-offset: 8px;}",".rich-text {padding-bottom: calc(var(--vertical-padding-more) \/ 2); padding-top: 40px;}","h5 {font-size: 10px;}"],"settings":{"text_alignment":"center","image_position":"align-left","image_height":"75vh","color_text":"rgba(0,0,0,0)","color_bg":"#ffffff"}},"f30f5ef5-8e72-4518-b0b9-bad728bcd45e":{"type":"image","custom_css":[".lazy-image img {top: -1px;}"],"settings":{"image":"shopify:\/\/shop_images\/Frame_924533.png","link":"","open_in_new_window":false,"gutter_enabled":false}}},"order":["main","63f5b761-8d64-4ff1-b512-e37552cb456d","ebc7d318-36ca-4061-98af-6e1caf063cfc","30bb530c-c114-458a-a02e-231b480af334","235541d5-a2f7-4a06-9341-dea1830a44e0","f30f5ef5-8e72-4518-b0b9-bad728bcd45e"]}