{"sections":{"main":{"type":"main-page","custom_css":["h1.h0 {display: none;}",".breadcrumb.body-text-sm {margin-bottom: -30px;}"],"settings":{}},"0f12dc25-1679-43ca-a06b-ef34a5bbc49a":{"type":"rich-text","blocks":{"template--20690005328165__0f12dc25-1679-43ca-a06b-ef34a5bbc49a-heading-1":{"type":"heading","settings":{"heading":"<h3>We bring the<br\/>beauty of nature<\/h3>","heading_size":"huge","seo_h_tag":"h3"}},"template--20690005328165__0f12dc25-1679-43ca-a06b-ef34a5bbc49a-text-1":{"type":"text","settings":{"text":"<h6>into Childrens life<\/h6>"}}},"block_order":["template--20690005328165__0f12dc25-1679-43ca-a06b-ef34a5bbc49a-heading-1","template--20690005328165__0f12dc25-1679-43ca-a06b-ef34a5bbc49a-text-1"],"custom_css":["@media screen and (min-width: 414px) {h3 {font-size: 32px; text-transform: uppercase; letter-spacing: 2px; margin-bottom: 16px; margin-top: 80px; }}","h3 {text-transform: uppercase; letter-spacing: 0.96px;}","@media screen and (min-width: 414px) {h6 {font-size: 24px; }}",".rich-text--media-off {padding-top: 0px;}","@media screen and (min-width: 649px) and (min-width: 948px) {.rich-text--media-off {padding-bottom: 0px !important; }}"],"settings":{"text_alignment":"center","image_position":"align-left","image_height":"75vh","color_text":"rgba(0,0,0,0)","color_bg":"#fffbf6"}},"89c9a5b7-6058-45b5-a18b-5fc2ab0a4270":{"type":"image","custom_css":["@media screen and (min-width: 648px) and (max-width: 948px) {.lazy-image {margin-left: calc(var(--horizontal-padding) * 5) !important; margin-right: calc(var(--horizontal-padding) * 5) !important; }}","img {object-fit: contain;}"],"settings":{"image":"shopify:\/\/shop_images\/Frame_9983_a6d7e91b-2e00-4b7e-9c2b-aab2ebef4c44.png","mobile_image":"shopify:\/\/shop_images\/Frame_924182_12b0d692-4970-4a8a-b364-a34147024e8e.jpg","link":"","open_in_new_window":false,"gutter_enabled":false}},"1949fdeb-db86-4a40-9b70-4b64eaccda7d":{"type":"rich-text","blocks":{"template--20690005328165__1949fdeb-db86-4a40-9b70-4b64eaccda7d-text-1":{"type":"text","settings":{"text":"<p>Bimbo Casa is an italian name, Bimbo means children and Casa means home.                                  In 2015, Luca and I had our first child, we have challenge to find the right furnitures to decorate our child’s room. We decide to design and make in the way we like for our baby. Rug was the very first thing we created to give a cozy feeling to the room. We then design more and more products such as sofa, armchair, table and chairs, now they all came in as a collection. <\/p>"}}},"block_order":["template--20690005328165__1949fdeb-db86-4a40-9b70-4b64eaccda7d-text-1"],"custom_css":["P {font-size: 15px; color: #a09d99;}",".rich-text--media-off {padding-bottom: 0px !important; padding-top: 0px !important;}"],"settings":{"text_alignment":"center","image_position":"align-left","image_height":"50vh","color_text":"rgba(0,0,0,0)","color_bg":"#fffbf6"}},"0c69181a-5deb-4aa0-a038-5362937dc009":{"type":"image","custom_css":[],"settings":{"image":"shopify:\/\/shop_images\/Frame_923948_e2a669bb-210d-40f7-a2ce-99419da4583b.png","link":"","open_in_new_window":false,"gutter_enabled":false}},"a6c97dcb-7c2c-4b01-9d19-626547a66c98":{"type":"rich-text","blocks":{"template--20690005328165__a6c97dcb-7c2c-4b01-9d19-626547a66c98-heading-1":{"type":"heading","settings":{"heading":"<h1>Bimbo Casa collection is deeplY<\/h1>","heading_size":"regular","seo_h_tag":"h1"}},"6dae4293-a790-4058-95fe-52548fd691eb":{"type":"heading","settings":{"heading":"<h3>inspired by nature<\/h3>","heading_size":"regular","seo_h_tag":"h3"}},"template--20690005328165__a6c97dcb-7c2c-4b01-9d19-626547a66c98-text-1":{"type":"text","settings":{"text":"<h2>The inspiration has been translated from all the places we have visited, the love we have towards nature and how we love to express at our home, a place where we build all our memory with our child.<\/h2>"}}},"block_order":["template--20690005328165__a6c97dcb-7c2c-4b01-9d19-626547a66c98-heading-1","6dae4293-a790-4058-95fe-52548fd691eb","template--20690005328165__a6c97dcb-7c2c-4b01-9d19-626547a66c98-text-1"],"custom_css":["h3 {text-transform: uppercase; letter-spacing: 0.96px;}","h1 {text-transform: uppercase; font-size: 12px; letter-spacing: 0.48px; margin-bottom: -8px;}","h2 {color: #a09d99; font-family: Optima, sans-serif !important; text-transform: none !important; font-weight: 400; line-height: 150%;}",".rich-text__content {margin-top: 60px; margin-bottom: 60px;}","#rich-text-template--20789651865893__a6c97dcb-7c2c-4b01-9d19-626547a66c98 {text-align: center; display: flex; justify-content: center;}"],"settings":{"text_alignment":"center","image_position":"align-left","image_height":"75vh","color_text":"rgba(0,0,0,0)","color_bg":"rgba(0,0,0,0)"}},"5cfb078c-0922-4c40-837a-51c473b96234":{"type":"rich-text","blocks":{"template--20690005328165__5cfb078c-0922-4c40-837a-51c473b96234-heading-1":{"type":"heading","settings":{"heading":"<h6>Crafting pieces that foster imagination<\/h6>","heading_size":"regular","seo_h_tag":"h3"}}},"block_order":["template--20690005328165__5cfb078c-0922-4c40-837a-51c473b96234-heading-1"],"custom_css":[".rich-text--media-on .rich-text__content {width: 60%; padding-top: 0px;}","@media screen and (max-width: 1023px) {.rich-text--media-on .rich-text__content {width: 100%; padding-bottom: 60px; }}","h6 {font-size: 24px;}",".rich-text--media-on .rich-text__content > *:last-child {padding-bottom: 0px;}",".lazy-image img {width: 138px; height: 168px; right: var(--horizontal-padding) !important; left: auto !important;}",".rich-text .rich-text__media {height: 30vh !important;}"],"settings":{"text_alignment":"left","image":"shopify:\/\/shop_images\/Frame_9984_1.jpg","image_position":"align-left","image_height":"50vh","color_text":"rgba(0,0,0,0)","color_bg":"#fffbf6"}},"2b0af32f-4cf5-425f-981e-54a283954e4c":{"type":"rich-text","blocks":{"template--20690005328165__2b0af32f-4cf5-425f-981e-54a283954e4c-heading-1":{"type":"heading","settings":{"heading":"<h2>Our vision<\/h2>","heading_size":"regular","seo_h_tag":"h1"}},"fb0ba91f-1cf1-4f56-ac99-9eef39dec5f7":{"type":"text","settings":{"text":"<p>Bimbo Casa Vision is to bring the beauty of nature into Children's life, crafting pieces that foster imagination, harmony and a bond with the natural world. We aim to break the boundaries of our homes, with animal and nature-inspired designs, to bring a feeling of joy and a gentle breeze of freshness, like a symphony of colours of a wild flowers bouquet.<\/p>"}}},"block_order":["template--20690005328165__2b0af32f-4cf5-425f-981e-54a283954e4c-heading-1","fb0ba91f-1cf1-4f56-ac99-9eef39dec5f7"],"custom_css":["@media screen and (min-width: 651px) {.rich-text--media-on .rich-text__content {width: 60%; padding-left: 60px; vertical-align: text-bottom; padding-top: 60px; }}","@media screen and (min-width: 651px) {.rich-text__media {max-width: 295px; max-height: 356px; object-fit: scale-down; }}","@media screen and (max-width: 650px) {.rich-text__media {width: 236px; order: 1; height: 287px !important; object-fit: scale-down; }}",".rich-text__media {margin: var(--horizontal-padding);}","P {color: #a09d99; margin-top: 16px; font-size: 15px;}"],"settings":{"text_alignment":"left","image":"shopify:\/\/shop_images\/DSC_2764.jpg","image_position":"align-right","image_height":"75vh","color_text":"rgba(0,0,0,0)","color_bg":"#fffbf6"}},"c12e5009-d464-47ca-b4d6-ce2c0ca8a481":{"type":"rich-text","blocks":{"template--20690005328165__c12e5009-d464-47ca-b4d6-ce2c0ca8a481-heading-1":{"type":"heading","settings":{"heading":"<h1>Poster imagination, harmony and a<\/h1>","heading_size":"regular","seo_h_tag":"h1"}},"11a7a1e1-b18a-4c0b-b61d-5d9ecc74aadd":{"type":"heading","settings":{"heading":"<h3>bond with the natural world<\/h3>","heading_size":"large","seo_h_tag":"h3"}}},"block_order":["template--20690005328165__c12e5009-d464-47ca-b4d6-ce2c0ca8a481-heading-1","11a7a1e1-b18a-4c0b-b61d-5d9ecc74aadd"],"custom_css":["h3 {text-transform: uppercase; letter-spacing: 0.96px;}","h1 {text-transform: uppercase; font-size: 12px; letter-spacing: 0.48px; margin-bottom: -8px;}"],"settings":{"text_alignment":"center","image_position":"align-left","image_height":"75vh","color_text":"rgba(0,0,0,0)","color_bg":"#fffbf6"}},"48d6fd44-d0ba-4a9f-b52c-fce29c008c4b":{"type":"rich-text","blocks":{"template--20690005328165__48d6fd44-d0ba-4a9f-b52c-fce29c008c4b-heading-1":{"type":"heading","settings":{"heading":"<h6>We hold the belief that the future is entrusted to our children and it's our duty to safeguard it.\"<\/h6>","heading_size":"regular","seo_h_tag":"span"}}},"block_order":["template--20690005328165__48d6fd44-d0ba-4a9f-b52c-fce29c008c4b-heading-1"],"custom_css":[".rich-text--media-on .rich-text__content {width: 60%; padding-top: 0px;}","@media screen and (max-width: 1023px) {.rich-text--media-on .rich-text__content {width: 100%; padding-bottom: 60px; }}","h6 {font-size: 24px;}",".rich-text--media-on .rich-text__content > *:last-child {padding-bottom: 0px;}",".lazy-image img {width: 138px; height: 168px; right: var(--horizontal-padding) !important; left: auto !important;}",".rich-text .rich-text__media {height: 30vh !important;}"],"settings":{"text_alignment":"left","image":"shopify:\/\/shop_images\/Frame_9984.jpg","image_position":"align-left","image_height":"50vh","color_text":"rgba(0,0,0,0)","color_bg":"#fffbf6"}},"88b3f95c-02c0-47c5-8cbb-0b0e3a651b30":{"type":"image-with-text","blocks":{"template--20690005328165__88b3f95c-02c0-47c5-8cbb-0b0e3a651b30-image-1":{"type":"image","settings":{"title":"","body":"<h6>We hold the belief that the future is entrusted to our children and it's our duty to safeguard it.\"<\/h6>","button_label":"","url":"","image":"shopify:\/\/shop_images\/Slice_6.jpg"}}},"block_order":["template--20690005328165__88b3f95c-02c0-47c5-8cbb-0b0e3a651b30-image-1"],"disabled":true,"custom_css":["@media screen and (min-width: 1023px) {h6 {font-size: 24px; }}","#image-with-text-template--20690005328165__88b3f95c-02c0-47c5-8cbb-0b0e3a651b30 {margin-left: var(--horizontal-padding) !important; margin-right: var(--horizontal-padding) !important;}",".image-text__container {padding-top: 0px;}",".rich-text {max-width: 992px;}"],"settings":{"image_height":"25vh","text_width":"50%","text_size":"regular","text_alignment":"horizontal-left vertical-top","color_text":"rgba(0,0,0,0)","color_bg":"rgba(0,0,0,0)","gutter_enabled":false,"seo_h_tag":"h3"}},"bdd7ce27-3cd0-45cc-9533-04dd5514d1ec":{"type":"rich-text","blocks":{"template--20690005328165__bdd7ce27-3cd0-45cc-9533-04dd5514d1ec-heading-1":{"type":"heading","settings":{"heading":"<h2>Sustainability<\/h2>","heading_size":"regular","seo_h_tag":"h2"}},"template--20690005328165__bdd7ce27-3cd0-45cc-9533-04dd5514d1ec-text-1":{"type":"text","settings":{"text":"<p>At Bimbo Casa, we create sustainable, high-quality products that are both inspirational and aesthetically pleasing. Our in-house designs are crafted with care to ensure children can explore their creativity and develop their skills in a safe and stimulating environment. We are committed to providing the highest quality products and services to our customers.<\/p>"}}},"block_order":["template--20690005328165__bdd7ce27-3cd0-45cc-9533-04dd5514d1ec-heading-1","template--20690005328165__bdd7ce27-3cd0-45cc-9533-04dd5514d1ec-text-1"],"custom_css":["@media screen and (min-width: 651px) {.rich-text--media-on .rich-text__content {width: 60%; padding-left: 60px; vertical-align: text-bottom; padding-top: 60px; }}","@media screen and (min-width: 651px) {.rich-text__media {max-width: 295px; max-height: 356px; object-fit: scale-down; }}","@media screen and (max-width: 650px) {.rich-text__media {width: 236px; order: 1; height: 287px !important; object-fit: scale-down; }}",".rich-text__media {margin: var(--horizontal-padding);}","P {color: #a09d99; margin-top: 16px; font-size: 15px;}"],"settings":{"text_alignment":"right","image":"shopify:\/\/shop_images\/Frame_244.jpg","image_position":"align-right","image_height":"75vh","color_text":"rgba(0,0,0,0)","color_bg":"#fffbf6"}},"585691e3-ccd9-4b25-9d89-43a1266a55be":{"type":"rich-text","blocks":{"d5593353-e308-4f4a-a814-2bc87ec9d4ba":{"type":"heading","settings":{"heading":"<h1>passionate about creating delightful and functional <\/h1>","heading_size":"regular","seo_h_tag":"h1"}},"4d148ff3-c7b6-4ceb-9a65-ef41bcd84365":{"type":"heading","settings":{"heading":"<h3>designs for children<\/h3>","heading_size":"large","seo_h_tag":"h3"}}},"block_order":["d5593353-e308-4f4a-a814-2bc87ec9d4ba","4d148ff3-c7b6-4ceb-9a65-ef41bcd84365"],"custom_css":["h3 {text-transform: uppercase; letter-spacing: 0.96px;}","h1 {text-transform: uppercase; font-size: 12px; letter-spacing: 0.48px; margin-bottom: -8px;}",".rich-text__content {margin-top: 60px; margin-bottom: 60px;}"],"settings":{"text_alignment":"center","image_position":"align-left","image_height":"75vh","color_text":"rgba(0,0,0,0)","color_bg":"rgba(0,0,0,0)"}},"b4422bd4-183d-4a83-bf77-f754daa75f1e":{"type":"rich-text","blocks":{"template--20690005328165__b4422bd4-183d-4a83-bf77-f754daa75f1e-heading-1":{"type":"heading","settings":{"heading":"<h1>meet<\/h1>","heading_size":"regular","seo_h_tag":"h1"}},"06f26ab6-05fc-44c2-b609-e8e8e35b739e":{"type":"heading","settings":{"heading":"<h3>Mr & Mrs Girardi<\/h3>","heading_size":"regular","seo_h_tag":"h3"}},"cd8b1ab6-3665-4c1d-bfbf-e4ae2c42eeae":{"type":"heading","settings":{"heading":"<h1>Our brand is focused on <\/h1>","heading_size":"regular","seo_h_tag":"h1"}},"17d20f18-793c-4341-aa02-914c80763864":{"type":"heading","settings":{"heading":"<h3>modern home life with a family and children. <\/h3>","heading_size":"regular","seo_h_tag":"h3"}}},"block_order":["template--20690005328165__b4422bd4-183d-4a83-bf77-f754daa75f1e-heading-1","06f26ab6-05fc-44c2-b609-e8e8e35b739e","cd8b1ab6-3665-4c1d-bfbf-e4ae2c42eeae","17d20f18-793c-4341-aa02-914c80763864"],"custom_css":["h3 {text-transform: uppercase; letter-spacing: 0.96px;}","h1 {text-transform: uppercase; font-size: 12px; letter-spacing: 0.48px; margin-bottom: -40px; margin-top: 40px;}","@media screen and (min-width: 651px) {.rich-text--media-on .rich-text__content {width: 60%; padding-left: 40px; vertical-align: text-bottom; }}",".rich-text__media {max-width: 490px; max-height: 640px; order: 1; vertical-align: baseline;}","img {object-fit: contain;}","@media screen and (max-width: 649px) {.rich-text__content {padding-top: 40px; padding-left: 0px; padding-right: 0px; }}"],"settings":{"text_alignment":"right","image":"shopify:\/\/shop_images\/Frame_244_36ea9a9e-3cb3-4ed4-938d-dd805a3d3c4f.jpg","image_position":"align-right","image_height":"75vh","color_text":"rgba(0,0,0,0)","color_bg":"#fffbf6"}}},"order":["main","0f12dc25-1679-43ca-a06b-ef34a5bbc49a","89c9a5b7-6058-45b5-a18b-5fc2ab0a4270","1949fdeb-db86-4a40-9b70-4b64eaccda7d","0c69181a-5deb-4aa0-a038-5362937dc009","a6c97dcb-7c2c-4b01-9d19-626547a66c98","5cfb078c-0922-4c40-837a-51c473b96234","2b0af32f-4cf5-425f-981e-54a283954e4c","c12e5009-d464-47ca-b4d6-ce2c0ca8a481","48d6fd44-d0ba-4a9f-b52c-fce29c008c4b","88b3f95c-02c0-47c5-8cbb-0b0e3a651b30","bdd7ce27-3cd0-45cc-9533-04dd5514d1ec","585691e3-ccd9-4b25-9d89-43a1266a55be","b4422bd4-183d-4a83-bf77-f754daa75f1e"]}