{"sections":{"main":{"type":"main-page","custom_css":["h1 {display: none;}",".centered-section-content > div {width: 100%;}","@media screen and (min-width: 1289px) {.centered-section-content {padding-left: calc(var(--horizontal-padding) * 3) !important; padding-right: calc(var(--horizontal-padding) * 3) !important; }}","@media screen and (min-width: 770px) {.centered-section-content {padding-left: calc(var(--horizontal-padding) * 3) !important; padding-right: calc(var(--horizontal-padding) * 3) !important; }}"],"settings":{}},"d6375870-594f-4b93-91b5-88f4d4c354fa":{"type":"image-with-text","blocks":{"template--20690005197093__d6375870-594f-4b93-91b5-88f4d4c354fa-image-1":{"type":"image","settings":{"title":"contact us","body":"","button_label":"","url":"","image":"shopify:\/\/shop_images\/Vector.png"}}},"block_order":["template--20690005197093__d6375870-594f-4b93-91b5-88f4d4c354fa-image-1"],"disabled":true,"custom_css":["h1 {font-size: 40px; text-transform: uppercase;}",".lazy-image--background.lazy-image {object-fit: contain !important;}","#image-with-text-template--20690005197093__d6375870-594f-4b93-91b5-88f4d4c354fa {display: flex; justify-content: center; align-content: center;}","@media screen and (min-width: 770px) {#image-with-text-template--20690005197093__d6375870-594f-4b93-91b5-88f4d4c354fa {padding-left: calc(var(--horizontal-padding) * 3) !important; padding-right: calc(var(--horizontal-padding) * 3) !important; }}"],"settings":{"image_height":"50vh","text_width":"75%","text_size":"regular","text_alignment":"horizontal-center vertical-middle","color_text":"rgba(0,0,0,0)","color_bg":"rgba(0,0,0,0)","gutter_enabled":false,"seo_h_tag":"h1"}},"fe7b73a4-f500-44c8-8f24-aa557625e159":{"type":"rich-text","blocks":{"template--20599858888997__fe7b73a4-f500-44c8-8f24-aa557625e159-heading-1":{"type":"heading","settings":{"heading":"<h3>Thank you for reaching out! <\/h3>","heading_size":"regular","seo_h_tag":"h3"}},"template--20599858888997__fe7b73a4-f500-44c8-8f24-aa557625e159-text-1":{"type":"text","settings":{"text":"<p>Someone will be in contact within 1-2 business days.<\/p>"}}},"block_order":["template--20599858888997__fe7b73a4-f500-44c8-8f24-aa557625e159-heading-1","template--20599858888997__fe7b73a4-f500-44c8-8f24-aa557625e159-text-1"],"custom_css":["h3 {font-size: 24px;}","p {font-size: 14px; margin-top: 24px; color: #a09d99; padding-bottom: 40px;}","@media screen and (max-width: 648px) {.rich-text.gutter--off .rich-text__content {padding-top: 50px; }}","@media screen and (min-width: 770px) {.centered-section-content {padding-left: calc(var(--horizontal-padding) * 3) !important; padding-right: calc(var(--horizontal-padding) * 3) !important; }}"],"settings":{"text_alignment":"center","image_position":"align-left","image_height":"75vh","color_text":"rgba(0,0,0,0)","color_bg":"rgba(0,0,0,0)"}},"1628539090bcf511f6":{"type":"contact-form","blocks":{"1628539090bcf511f6-0":{"type":"email","settings":{}},"1628539090bcf511f6-1":{"type":"field","settings":{"label":"Message","type":"textarea","required":false}},"1628539090bcf511f6-2":{"type":"button","settings":{"label":"submit"}}},"block_order":["1628539090bcf511f6-0","1628539090bcf511f6-1","1628539090bcf511f6-2"],"custom_css":["form {display: flex; flex-direction: column; justify-content: center; align-items: center; width: 100%;}",".button {width: 160px !important;}",".simple-form-field__button {display: flex; align-items: center; justify-content: center;}",".centered-section-content > div {width: 100%; max-width: 692px;}",".centered-section-content {display: flex; justify-content: center;}"],"settings":{"title":"","seo_h_tag":"h3"}},"cabfe677-9382-4bd0-8149-588fe62c4633":{"type":"rich-text","blocks":{"template--20690005197093__cabfe677-9382-4bd0-8149-588fe62c4633-heading-1":{"type":"heading","settings":{"heading":"<h4>office \/ studio<\/h4>","heading_size":"regular","seo_h_tag":"h3"}},"template--20690005197093__cabfe677-9382-4bd0-8149-588fe62c4633-text-1":{"type":"text","settings":{"text":"<p>2009, 20\/F Hundsun International Centre, <\/p><p>44 Heung Yip Road,  <\/p><p>Wong Chuk Hang, Hong Kong<\/p><p>info@bimbocasa.com<\/p>"}},"template--20690005197093__cabfe677-9382-4bd0-8149-588fe62c4633-button-1":{"type":"button","disabled":true,"settings":{"button_label":"Button label","button_link":""}}},"block_order":["template--20690005197093__cabfe677-9382-4bd0-8149-588fe62c4633-heading-1","template--20690005197093__cabfe677-9382-4bd0-8149-588fe62c4633-text-1","template--20690005197093__cabfe677-9382-4bd0-8149-588fe62c4633-button-1"],"custom_css":["h4 {font-size: 10px; color: #827c77;}","p {font-size: 10px; text-transform: uppercase; color: #a09d99; margin-bottom: -4px;}",".centered-section-content > div {width: 100%;}",".centered-section-content > div {width: 100%; max-width: 692px;}",".centered-section-content {display: flex; justify-content: center;}"],"settings":{"text_alignment":"left","image_position":"align-left","image_height":"75vh","color_text":"rgba(0,0,0,0)","color_bg":"rgba(0,0,0,0)"}}},"order":["main","d6375870-594f-4b93-91b5-88f4d4c354fa","fe7b73a4-f500-44c8-8f24-aa557625e159","1628539090bcf511f6","cabfe677-9382-4bd0-8149-588fe62c4633"]}