{"sections":{"main":{"type":"main-page","custom_css":["h1.h0 {display: none;}"],"settings":{}},"ac223144-1070-47fd-aa3b-4184c60ef303":{"type":"text-columns-with-images","blocks":{"template--20842649616677__ac223144-1070-47fd-aa3b-4184c60ef303-text-1":{"type":"text","settings":{"title":"BRAND SPOTLIGHT - BIMBO CASA FURNITURE","body":"<p>A home should be more than just a place to sleep; it should be an oasis that reflects your personal taste and improves your quality of life.<\/p><p><a href=\"\/blogs\/bimbo-concept-new-family-concept-store\" title=\"Inspiration\">Read More<\/a><\/p>","image":"shopify:\/\/shop_images\/Frame_923944_555bba61-a8f3-484b-8fb6-61692bd266e3.jpg"}},"6c3ba101-a549-4c11-bb65-2d687c5d9536":{"type":"text","disabled":true,"settings":{"title":"BRAND SPOTLIGHT - BIMBO CASA FURNITURE","body":"<p>A home should be more than just a place to sleep; it should be an oasis that reflects your personal taste and improves your quality of life.<\/p><p><a href=\"\/blogs\/bimbo-concept-new-family-concept-store\" title=\"Inspiration\">Read More<\/a><\/p>","image":"shopify:\/\/shop_images\/Frame_923944_555bba61-a8f3-484b-8fb6-61692bd266e3.jpg"}},"template--20842649616677__ac223144-1070-47fd-aa3b-4184c60ef303-text-2":{"type":"text","settings":{"title":"Embark on a wild adventure at Bimbo Concept Children’s Residency","body":"<p>Family lifestyle store Bimbo Concept recently opened a Children’s Residency at Pacific Place Apartments in collaboration with The Upper House – and it’s truly magical!<\/p><p><a href=\"\/blogs\/bimbo-concept-new-family-concept-store\" title=\"Inspiration\">Read More<\/a><\/p>","image":"shopify:\/\/shop_images\/Frame_923945.jpg"}}},"block_order":["template--20842649616677__ac223144-1070-47fd-aa3b-4184c60ef303-text-1","6c3ba101-a549-4c11-bb65-2d687c5d9536","template--20842649616677__ac223144-1070-47fd-aa3b-4184c60ef303-text-2"],"custom_css":["h1 {text-transform: uppercase; font-size: 24px;}","p {font-size: 15px; color: #a09d99;}","a {font-size: 10px; text-transform: uppercase;}"],"settings":{"color_text":"rgba(0,0,0,0)","color_bg":"rgba(0,0,0,0)","seo_h_tag":"h1"}}},"order":["main","ac223144-1070-47fd-aa3b-4184c60ef303"]}