{"sections":{"main":{"type":"main-page","custom_css":["@media screen and (min-width: 760px) {h1 {text-transform: none; margin-bottom: 16px; }}",".compact-header {padding-top: 0;}","p {font-size: 14px;}"],"settings":{}},"243f5d9b-cf74-4f94-9227-1554e89cbb1f":{"type":"faq","blocks":{"template--20690005262629__243f5d9b-cf74-4f94-9227-1554e89cbb1f-text-1":{"type":"text","settings":{"title":"What is the delivery cost for orders within Hong Kong?","body":"<p>We offer free shipping for orders over HKD500. For orders below HKD500, a delivery cost of HKD50 is applicable.<\/p>"}},"template--20690005262629__243f5d9b-cf74-4f94-9227-1554e89cbb1f-text-2":{"type":"text","settings":{"title":"How long does the delivery take for orders within Hong Kong?","body":"<p>The usual delivery time is 1-2 working days after dispatch.<\/p>"}},"template--20690005262629__243f5d9b-cf74-4f94-9227-1554e89cbb1f-text-3":{"type":"text","settings":{"title":"Are there any additional charges for furniture or bulky items?","body":"<p>Yes, an additional surcharge is applied per order on furniture, bulky items, oversize products, or when the delivery destination location is remote.<\/p>"}},"5cac0726-df29-4912-9445-89468ceea836":{"type":"text","settings":{"title":"Which areas are considered remote for delivery purposes?","body":"<p>Remote areas include Discovery Bay, Ma Wan, Tung Chung, Tuen Mun countryside, Fung Nin, Shui Pin, Nam Ping, Yuen Lung, Fung Cheung, Shap Pat Heung East, Shap Pat Heung Central, Shap Pat Heung West, Ping Shan South, Ping Shan Central, Ping Shan North, Ha Tsuen, Fairview Park, San Tin, Kam Tin, Pat Heung North, Pat Heung South, Sheung Shui Rural, Choi Yuen, Shek Wu Hui, Tin Ping West, Fung Tsui, Sha Ta, Tin Ping East, Queen's Hill, Hong Lok Yuen, Shuen Wan, Sai Kung North. Outlying areas like Lantau, Peng Chau & Hei Ling Chau, Sai Kung Islands & Po Toi, Cheung Chau are not covered.<\/p>"}},"dbe40370-b1ce-4f4a-bea2-c5da16f7f44f":{"type":"text","settings":{"title":"Are there any additional charges for furniture or bulky items?","body":"<p>Yes, an additional surcharge is applied per order on furniture, bulky items, oversize products, or when the delivery destination location is remote.<\/p>"}},"1319279c-569e-4db4-a850-feffc3233a7f":{"type":"text","settings":{"title":"Do you offer international shipping?","body":"<p>Yes, for customers in other regions, including China and the rest of the world, please contact us at info@bimbocasa.com for a shipping quote.<\/p>"}},"27938383-87b8-4cd5-ba00-6a74b9d18d45":{"type":"text","settings":{"title":"Which areas are considered remote for delivery purposes?","body":"<p>Write a complete answer to the most frequent questions that your customers might have, such as important product information, shipping policies, payment issues or returns.<\/p>"}},"bea68318-b713-4cf1-a5de-74273ff8fcfd":{"type":"text","settings":{"title":"Who is responsible for the safety of goods during international shipping?","body":"<p>If customers choose international shipping, Bimbo Casa can assist in arranging it, but the shipping service is not operated by Bimbo Casa. Customers have the option to choose a safer freight company with higher cost and insurance for goods-in-transit, such as DFS. In case of any damage during transit, Bimbo Casa will not take responsibility, and it becomes the sole responsibility of the customers or the freight company.<\/p>"}},"d5c62721-e91d-48de-baf6-9e7a5dbb7b6a":{"type":"text","settings":{"title":"Can customers arrange their own freight company to pick up goods from the Bimbo Casa warehouse?","body":"<p>Yes, customers have the option to arrange their preferred freight company to pick up goods directly from the Bimbo Casa warehouse. However, customers will be responsible for paying any customs tax duty if required.<\/p>"}},"4387c7fc-fa30-419c-a944-73441917a4dd":{"type":"text","settings":{"title":"Can I track my order during transit?","body":"<p>Yes, we provide tracking information for all orders. Once your order is shipped, you will receive a tracking number that you can use to monitor the progress of your shipment.<\/p>"}}},"block_order":["template--20690005262629__243f5d9b-cf74-4f94-9227-1554e89cbb1f-text-1","template--20690005262629__243f5d9b-cf74-4f94-9227-1554e89cbb1f-text-2","template--20690005262629__243f5d9b-cf74-4f94-9227-1554e89cbb1f-text-3","5cac0726-df29-4912-9445-89468ceea836","dbe40370-b1ce-4f4a-bea2-c5da16f7f44f","1319279c-569e-4db4-a850-feffc3233a7f","27938383-87b8-4cd5-ba00-6a74b9d18d45","bea68318-b713-4cf1-a5de-74273ff8fcfd","d5c62721-e91d-48de-baf6-9e7a5dbb7b6a","4387c7fc-fa30-419c-a944-73441917a4dd"],"custom_css":[".toggle__title {font-size: 14px; line-height: 108% !important; letter-spacing: 0.56px; color: #a09d99; margin-bottom: 24px;}",".symbol--plus {display: none;}","svg {margin-right: 20px;}","h2 {font-size: 14px; margin-bottom: 24px;}","p {font-size: 14px; margin-left: 40px; margin-bottom: 24px;}"],"settings":{"title":"DELIVERY","open_first":false,"seo_h_tag":"h2"}},"b9d5ca97-1f08-4d51-986c-c8705c0b7c6b":{"type":"faq","blocks":{"7b6055d0-6797-4bfc-9aae-1cc30cef6f13":{"type":"text","settings":{"title":"Can I cancel my order?","body":"<p>Please contact our customer service or send email to infor@bimbocasa.com as soon as possible if you wish to cancel your order. We will do our best to accommodate your request, but it is subject to the order's processing status.<\/p>"}},"8733a78f-3f97-4f0b-88e7-172185a159c8":{"type":"text","settings":{"title":"How can I track my order?","body":"<p>Once your order is shipped, you will receive a tracking number via email. You can use this tracking number to track the progress of your order on the courier's website.<\/p>"}}},"block_order":["7b6055d0-6797-4bfc-9aae-1cc30cef6f13","8733a78f-3f97-4f0b-88e7-172185a159c8"],"custom_css":[".toggle__title {font-size: 14px; line-height: 108% !important; letter-spacing: 0.56px; color: #a09d99; margin-bottom: 24px;}",".symbol--plus {display: none;}","svg {margin-right: 20px;}","h2 {font-size: 14px; margin-bottom: 24px;}","p {font-size: 14px; margin-left: 40px; margin-bottom: 24px;}"],"settings":{"title":"ORDERS","open_first":false,"seo_h_tag":"h2"}},"0e778bdf-159d-4ca6-8439-54aad084a0de":{"type":"faq","blocks":{"37caf9b5-ac9a-43df-a0f7-442d1c077e2e":{"type":"text","settings":{"title":"How can I return my product?","body":"<p>To initiate a return, please contact our customer service with your order details. They will guide you through the return process and provide you with the necessary instructions.<\/p>"}},"e9b8895b-8ed1-402a-9167-f95534686e45":{"type":"text","settings":{"title":"Can I exchange a product that was a gift?","body":"<p>Yes, we accept exchanges for products that were received as gifts. Please contact our customer service to discuss the exchange process.<\/p>"}},"4d4b3eee-9c84-4bdd-a7c0-2dec8250dd3f":{"type":"text","settings":{"title":"Will I be refunded the full amount?","body":"<p>Once we receive and inspect the returned product, we will process the refund. The refund amount will depend on the condition of the returned product and any applicable deductions as per our Return Policy.<\/p>"}}},"block_order":["37caf9b5-ac9a-43df-a0f7-442d1c077e2e","e9b8895b-8ed1-402a-9167-f95534686e45","4d4b3eee-9c84-4bdd-a7c0-2dec8250dd3f"],"custom_css":[".toggle__title {font-size: 14px; line-height: 108% !important; letter-spacing: 0.56px; color: #a09d99; margin-bottom: 24px;}",".symbol--plus {display: none;}","svg {margin-right: 20px;}","h2 {margin-bottom: 24px; font-size: 14px;}","p {font-size: 14px; margin-left: 40px; margin-bottom: 24px;}"],"settings":{"title":"Returns & Refund","open_first":false,"seo_h_tag":"h2"}},"9e9bcc58-da56-41f8-bbea-83c80feae539":{"type":"faq","blocks":{"c1ba5c6f-30a6-442d-82a7-11900d4bcf8a":{"type":"text","settings":{"title":"How do I clean the products?","body":"<p>Cleaning instructions are provided for each product to help you keep them looking their best. Please refer to the care instructions specific to the product you have purchased.<\/p>"}},"5005a335-5464-47fc-975a-86e8168e0427":{"type":"text","settings":{"title":"Do you have a size chart for your products?","body":"<p>As we do not sell ready-to-wear (RTW) products, we do not have a size chart available.<\/p>"}}},"block_order":["c1ba5c6f-30a6-442d-82a7-11900d4bcf8a","5005a335-5464-47fc-975a-86e8168e0427"],"custom_css":[".toggle__title {font-size: 14px; line-height: 108% !important; letter-spacing: 0.56px; color: #a09d99; margin-bottom: 24px;}",".symbol--plus {display: none;}","svg {margin-right: 20px;}","h2 {margin-bottom: 24px; font-size: 14px;}","p {font-size: 14px; margin-left: 40px; margin-bottom: 24px;}"],"settings":{"title":"Care introduction","open_first":false,"seo_h_tag":"h2"}},"50512a19-4076-4f6a-afe2-1f9517c6a680":{"type":"faq","blocks":{"260be0ea-9e04-4768-af62-ee86efd0967d":{"type":"text","settings":{"title":"Where are your products made?","body":"<p>Our products are designed in-house and produced in collaboration with skilled artisans. They are crafted with care, and the highest standards of quality are maintained throughout the manufacturing process.<\/p>"}},"543bb881-310b-4b5c-a426-4ad50206b78d":{"type":"text","settings":{"title":"How are you handling COVID 19?","body":"<p>Bimbo Casa is committed to prioritizing the health and safety of our customers and employees. We are following the guidelines and recommendations provided by local health authorities. Measures such as enhanced sanitation, social distancing, and remote work arrangements have been implemented to ensure a safe environment for all.<\/p>"}},"c5c083bd-adc1-42bd-81e6-aac53c2d5e4c":{"type":"text","settings":{"title":"Are your products eco-friendly?","body":"<p>Yes, sustainability is important to us. We strive to use eco-friendly materials and implement sustainable practices in our manufacturing processes. We are committed to making a positive impact on the environment and creating a more sustainable future.<\/p>"}},"266c9246-220f-4e31-b041-fc2f5719154d":{"type":"text","settings":{"title":"Are your products safe for children?","body":"<p>Absolutely. The safety of our products is a top priority. We adhere to strict safety standards and regulations to ensure that our products are safe for children to use. We conduct rigorous testing to meet or exceed safety requirements.<\/p>"}}},"block_order":["260be0ea-9e04-4768-af62-ee86efd0967d","543bb881-310b-4b5c-a426-4ad50206b78d","c5c083bd-adc1-42bd-81e6-aac53c2d5e4c","266c9246-220f-4e31-b041-fc2f5719154d"],"custom_css":[".toggle__title {font-size: 14px; line-height: 108% !important; letter-spacing: 0.56px; color: #a09d99; margin-bottom: 24px;}",".symbol--plus {display: none;}","svg {margin-right: 20px;}","h2 {margin-bottom: 24px; font-size: 14px;}","p {font-size: 14px; margin-left: 40px; margin-bottom: 24px;}"],"settings":{"title":"COMPANY","open_first":false,"seo_h_tag":"h2"}}},"order":["main","243f5d9b-cf74-4f94-9227-1554e89cbb1f","b9d5ca97-1f08-4d51-986c-c8705c0b7c6b","0e778bdf-159d-4ca6-8439-54aad084a0de","9e9bcc58-da56-41f8-bbea-83c80feae539","50512a19-4076-4f6a-afe2-1f9517c6a680"]}