{"sections":{"main":{"type":"main-page","custom_css":["p {color: #a09d99; margin: 24px 0 24px; font-size: 14px;}","h3 {margin-top: 40px; margin-bottom: 24px;}","h5 {margin-top: 24px;}"],"settings":{}},"7ba62d5d-0b9b-4ba2-88b2-351805a8ec87":{"type":"rich-text","blocks":{"template--20690005328165__7ba62d5d-0b9b-4ba2-88b2-351805a8ec87-heading-1":{"type":"heading","disabled":true,"settings":{"heading":"<h1>your vision, our craft<\/h1>","heading_size":"regular","seo_h_tag":"h3"}},"31bcf981-f7da-4a93-af29-c45ae523a7fe":{"type":"heading","settings":{"heading":"<h3>customized<br\/>FURNITURE<\/h3>","heading_size":"regular","seo_h_tag":"h3"}},"template--20690005328165__7ba62d5d-0b9b-4ba2-88b2-351805a8ec87-text-1":{"type":"text","settings":{"text":"<h6>Introducing our extraordinary customized service for kids furniture! We believe that children's furniture should be as unique and special as the children themselves. With our customization options, you can create personalized furniture that perfectly matches your child's taste, style, and needs.<\/h6>"}},"template--20690005328165__7ba62d5d-0b9b-4ba2-88b2-351805a8ec87-button-1":{"type":"button","settings":{"button_label":"inquire now","button_link":"shopify:\/\/pages\/contact"}}},"block_order":["template--20690005328165__7ba62d5d-0b9b-4ba2-88b2-351805a8ec87-heading-1","31bcf981-f7da-4a93-af29-c45ae523a7fe","template--20690005328165__7ba62d5d-0b9b-4ba2-88b2-351805a8ec87-text-1","template--20690005328165__7ba62d5d-0b9b-4ba2-88b2-351805a8ec87-button-1"],"disabled":true,"custom_css":[".rich-text {padding-bottom: calc(var(--vertical-padding-more) \/ 2); margin-left: var(--horizontal-padding) !important; margin-right: var(--horizontal-padding) !important; padding-top: 40px;}","h5 {font-size: 10px;}","h3 {font-size: 40px; text-transform: uppercase;}","h1 {text-transform: uppercase; font-size: 12px; letter-spacing: 0.48px; margin-bottom: -24px; margin-top: 80px;}","h6 {margin-top: 40px;}",".button {font-size: 10px;}"],"settings":{"text_alignment":"center","image_position":"align-left","image_height":"75vh","color_text":"rgba(0,0,0,0)","color_bg":"#fdfdfd"}},"45a5bb06-288b-4521-9e18-4c1c55e5b6b2":{"type":"image","custom_css":[],"settings":{"image":"shopify:\/\/shop_images\/Frame_9194.jpg","mobile_image":"shopify:\/\/shop_images\/Frame_9194_ed96e2c6-7a02-4d26-9b4c-79c3817b5b5c.jpg","link":"","open_in_new_window":false,"gutter_enabled":true}},"6083ad56-e1ac-4d49-927e-296454a312f1":{"type":"rich-text","blocks":{"template--20690005328165__6083ad56-e1ac-4d49-927e-296454a312f1-heading-1":{"type":"heading","settings":{"heading":"<h2>Craftsmanship Meets Personalization<\/h2>","heading_size":"regular","seo_h_tag":"h3"}},"template--20690005328165__6083ad56-e1ac-4d49-927e-296454a312f1-text-1":{"type":"text","settings":{"text":"<p>Step into a world where timeless craftsmanship meets the art of personalization. Our flute rattan furniture collection invites you to create a space that is not only elegantly handcrafted but also uniquely tailored to your style and preferences.<\/p>"}}},"block_order":["template--20690005328165__6083ad56-e1ac-4d49-927e-296454a312f1-heading-1","template--20690005328165__6083ad56-e1ac-4d49-927e-296454a312f1-text-1"],"disabled":true,"custom_css":["p {color: #a09d99; font-size: 14px;}","@media screen and (min-width: 649px) (max-width: 1023px) {.rich-text {padding-left: 25px; }}","@media screen and (min-width: 1024px) {.rich-text__content {padding-right: 0; }}",".lazy-image img {object-fit: scale-down !important;}","@media screen and (min-width: 649px) and (max-width: 1023px) {.rich-text__media {margin-left: 25px; }}","@media screen and (max-width: 648px) {.rich-text__content {padding-top: 80px; }}"],"settings":{"text_alignment":"left","image":"shopify:\/\/shop_images\/444.png","image_position":"align-right","image_height":"50vh","color_text":"rgba(0,0,0,0)","color_bg":"rgba(0,0,0,0)"}},"f7f3aa11-a6ab-4f7f-9c28-359e50916a08":{"type":"rich-text","blocks":{"b0227c12-3753-412a-b660-ecd63c672516":{"type":"heading","settings":{"heading":"<h2>Engraving or Monogramming<\/h2>","heading_size":"regular","seo_h_tag":"h3"}},"8afb0167-1c8e-4303-a8f3-00fe9a0d4459":{"type":"text","settings":{"text":"<p>You can have names, initials, or meaningful dates engraved or monogrammed onto wooden or fabric furniture pieces. This adds a personal touch and can make a piece of furniture uniquely your kids.<\/p>"}}},"block_order":["b0227c12-3753-412a-b660-ecd63c672516","8afb0167-1c8e-4303-a8f3-00fe9a0d4459"],"disabled":true,"custom_css":["p {color: #a09d99; font-size: 14px;}","@media screen and (min-width: 649px) (max-width: 1023px) {.rich-text {padding-left: 25px; }}","@media screen and (min-width: 1024px) {.rich-text__content {padding-right: 0; }}",".lazy-image img {object-fit: scale-down !important;}","@media screen and (min-width: 649px) and (max-width: 1023px) {.rich-text__media {margin-left: 25px; }}","@media screen and (max-width: 648px) {.rich-text__content {padding-top: 80px; }}"],"settings":{"text_alignment":"left","image":"shopify:\/\/shop_images\/333.png","image_position":"align-left","image_height":"50vh","color_text":"rgba(0,0,0,0)","color_bg":"rgba(0,0,0,0)"}},"0c4ad23a-a83d-4364-9611-0579fc012f25":{"type":"rich-text","blocks":{"97f516f7-9327-48cd-aeb7-b16af3a63437":{"type":"heading","settings":{"heading":"<h2>Customizable Features<\/h2>","heading_size":"regular","seo_h_tag":"h3"}},"f92eaacd-8d92-4fda-8b82-cc63444fb2a8":{"type":"text","settings":{"text":"<p>Our customization options go beyond just aesthetics. You can tailor various features of the furniture to suit your child's specific requirements. Whether it's adjusting the height of a desk or chair, adding extra storage compartments, or incorporating special features like built-in bookshelves or toy organizers, we can accommodate your requests to make the furniture truly functional for your child.<\/p>"}}},"block_order":["97f516f7-9327-48cd-aeb7-b16af3a63437","f92eaacd-8d92-4fda-8b82-cc63444fb2a8"],"disabled":true,"custom_css":["p {color: #a09d99; font-size: 14px;}","@media screen and (min-width: 649px) (max-width: 1023px) {.rich-text {padding-left: 25px; }}","@media screen and (min-width: 1024px) {.rich-text__content {padding-right: 0; }}",".lazy-image img {object-fit: scale-down !important;}","@media screen and (min-width: 649px) and (max-width: 1023px) {.rich-text__media {margin-left: 25px; }}","@media screen and (max-width: 648px) {.rich-text__content {padding-top: 80px; }}"],"settings":{"text_alignment":"left","image":"shopify:\/\/shop_images\/111.png","image_position":"align-right","image_height":"50vh","color_text":"rgba(0,0,0,0)","color_bg":"rgba(0,0,0,0)"}},"3357ea46-174a-4c58-b1b7-8c8fb990d144":{"type":"rich-text","blocks":{"c7377e67-3dcd-4191-9072-21013b56c0a4":{"type":"heading","settings":{"heading":"<h2>Seamless Ordering Process<\/h2>","heading_size":"regular","seo_h_tag":"h3"}},"4a48801a-a551-4861-bdc4-0c6eae96d7df":{"type":"text","settings":{"text":"<p>Ordering customized kids furniture is hassle-free with our user-friendly online platform or through our dedicated customer service team. We guide you through the process, from design selection to material choices, to ensure your vision is translated into reality.<\/p>"}}},"block_order":["c7377e67-3dcd-4191-9072-21013b56c0a4","4a48801a-a551-4861-bdc4-0c6eae96d7df"],"disabled":true,"custom_css":["p {color: #a09d99; font-size: 14px;}","@media screen and (min-width: 649px) (max-width: 1023px) {.rich-text {padding-left: 25px; }}","@media screen and (min-width: 1024px) {.rich-text__content {padding-right: 0; }}",".lazy-image img {object-fit: scale-down !important;}","@media screen and (min-width: 649px) and (max-width: 1023px) {.rich-text__media {margin-left: 25px; }}","@media screen and (max-width: 648px) {.rich-text__content {padding-top: 80px; }}"],"settings":{"text_alignment":"left","image":"shopify:\/\/shop_images\/2222.png","image_position":"align-left","image_height":"50vh","color_text":"rgba(0,0,0,0)","color_bg":"rgba(0,0,0,0)"}}},"order":["main","7ba62d5d-0b9b-4ba2-88b2-351805a8ec87","45a5bb06-288b-4521-9e18-4c1c55e5b6b2","6083ad56-e1ac-4d49-927e-296454a312f1","f7f3aa11-a6ab-4f7f-9c28-359e50916a08","0c4ad23a-a83d-4364-9611-0579fc012f25","3357ea46-174a-4c58-b1b7-8c8fb990d144"]}