{"sections":{"main":{"type":"main-page","custom_css":["p {font-size: 14px;}","h1 {margin-bottom: 16px !important;}"],"settings":{}},"3183b4c0-69e9-47a6-a3d7-bc497b82625e":{"type":"rich-text","blocks":{"template--21234951291173__3183b4c0-69e9-47a6-a3d7-bc497b82625e-heading-1":{"type":"heading","settings":{"heading":"<h1>PERSONALISATION SERVICE FOR OUR ICONIC<\/h1>","heading_size":"regular","seo_h_tag":"h1"}},"template--21234951291173__3183b4c0-69e9-47a6-a3d7-bc497b82625e-text-1":{"type":"text","settings":{"text":"<h3>tulip collection<\/h3>"}},"cdfd8b9b-c936-421c-bf40-db53e7c43569":{"type":"text","settings":{"text":"<h6>Introducing our extraordinary customized service for kids furniture! We believe that children's furniture should be as unique and special as the children themselves. With our customization options, you can create personalized furniture that perfectly matches your child's taste, style, and needs. <\/h6>"}},"template--21234951291173__3183b4c0-69e9-47a6-a3d7-bc497b82625e-button-1":{"type":"button","settings":{"button_label":"book now","button_link":"shopify:\/\/pages\/contact"}}},"block_order":["template--21234951291173__3183b4c0-69e9-47a6-a3d7-bc497b82625e-heading-1","template--21234951291173__3183b4c0-69e9-47a6-a3d7-bc497b82625e-text-1","cdfd8b9b-c936-421c-bf40-db53e7c43569","template--21234951291173__3183b4c0-69e9-47a6-a3d7-bc497b82625e-button-1"],"custom_css":["h3 {font-size: 32px; text-transform: uppercase; letter-spacing: 0.96px; margin-top: 8px;}","h1 {text-transform: uppercase; font-size: 12px; letter-spacing: 0.48px; opacity: 0.8;}","h6 {margin-top: 40px; opacity: 0.8;}",".button {font-size: 10px; text-decoration: underline; text-underline-offset: 8px;}",".rich-text {padding-bottom: calc(var(--vertical-padding-more) \/ 2); padding-top: 40px;}","h5 {font-size: 10px;}"],"settings":{"text_alignment":"center","image_position":"align-left","image_height":"75vh","color_text":"rgba(0,0,0,0)","color_bg":"#ffffff"}},"5b15c56d-6caf-4ccd-a67e-4dff270b3002":{"type":"image","custom_css":[".lazy-image img {top: -1px;"],"settings":{"image":"shopify:\/\/shop_images\/Frame_924533.png","link":"","open_in_new_window":false,"gutter_enabled":false}},"45a5bb06-288b-4521-9e18-4c1c55e5b6b2":{"type":"image","disabled":true,"custom_css":[],"settings":{"image":"shopify:\/\/shop_images\/Custom_furnish.jpg","mobile_image":"shopify:\/\/shop_images\/Custom_furnish.jpg","link":"","open_in_new_window":false,"gutter_enabled":false}},"e8f89981-9ace-4e40-8630-de7e07466641":{"type":"rich-text","blocks":{"template--21234951291173__e8f89981-9ace-4e40-8630-de7e07466641-heading-1":{"type":"heading","settings":{"heading":"","heading_size":"regular","seo_h_tag":"h1"}}},"block_order":["template--21234951291173__e8f89981-9ace-4e40-8630-de7e07466641-heading-1"],"custom_css":[],"settings":{"text_alignment":"center","image_position":"align-left","image_height":"75vh","color_text":"rgba(0,0,0,0)","color_bg":"rgba(0,0,0,0)"}},"09843ac2-f144-4ee5-8ff5-f1a43672ba4b":{"type":"rich-text","blocks":{"b92b1366-9e9b-4334-a081-4736d07d064b":{"type":"heading","settings":{"heading":"<h1>Add a touch of you to your tulip<\/h1>","heading_size":"regular","seo_h_tag":"span"}},"9a3b43d9-44b5-4b98-8d31-be77cc94bdbb":{"type":"text","settings":{"text":"<h3>We believe in the power of personalizing your living space. <\/h3><h3>We're excited to present our exclusive personalization service for our Tulip and armchair collection. Now, you can elevate your furniture by adding a custom leather name tag delicately embroidered at the heart of your Tulip sofa or armchair. Make your space uniquely yours with BIMBO CASA.<\/h3>"}},"395f1466-ec6a-448a-a782-6b5317f28dcd":{"type":"button","settings":{"button_label":"explore tulip collection","button_link":"shopify:\/\/collections\/tulip"}}},"block_order":["b92b1366-9e9b-4334-a081-4736d07d064b","9a3b43d9-44b5-4b98-8d31-be77cc94bdbb","395f1466-ec6a-448a-a782-6b5317f28dcd"],"custom_css":[".button {font-size: 10px; text-decoration: underline; text-underline-offset: 8px; display: flex; justify-content: center; align-items: center;}","h1 {font-size: 24px; text-transform: uppercase; text-align: center; padding-bottom: 40px;}","h3 {font-size: 16px; line-height: 150%; text-align: center; color: #a09d99;}",".rich-text--text-center {vertical-align: middle; display: flex; justify-content: space-between; align-items: center;}"],"settings":{"text_alignment":"center","image":"shopify:\/\/shop_images\/Frame_924545.png","image_position":"align-right","image_height":"75vh","color_text":"rgba(0,0,0,0)","color_bg":"rgba(0,0,0,0)"}},"dcd2c810-49d0-4350-b2af-fd90c89c9dfa":{"type":"text-columns","blocks":{"template--21234951291173__dcd2c810-49d0-4350-b2af-fd90c89c9dfa-text-1":{"type":"text","settings":{"title":"Step 1","body":"<h1>Explore<\/h1><p>_________<\/p><p>Explore our beautiful Tulip collection, featuring exquisite pieces ranging from snug sofas to striking statement armchairs. Your distinctive taste is set to bring it to a level of excellence.<\/p>"}},"template--21234951291173__dcd2c810-49d0-4350-b2af-fd90c89c9dfa-text-2":{"type":"text","settings":{"title":"Step 2","body":"<h1>Embrace<\/h1><p>_________<\/p><p>Choose from our leather name tags that will bring a refined balance of sophistication. Personalize your chosen piece by selecting initials or a name with personal significance. You can even customize the stitch color to align with your unique style.<\/p>"}},"template--21234951291173__dcd2c810-49d0-4350-b2af-fd90c89c9dfa-text-3":{"type":"text","settings":{"title":"Step 3","body":"<h1>Personalize<\/h1><p>_________<\/p><p>Choose from diverse fabric colors to seamlessly blend your furniture with your living space. Additionally, select a stitching color that aligns perfectly with your vision.<\/p>"}}},"block_order":["template--21234951291173__dcd2c810-49d0-4350-b2af-fd90c89c9dfa-text-1","template--21234951291173__dcd2c810-49d0-4350-b2af-fd90c89c9dfa-text-2","template--21234951291173__dcd2c810-49d0-4350-b2af-fd90c89c9dfa-text-3"],"custom_css":["p {font-size: 15px; color: #a09d99;}","h4 {font-size: 10px; text-transform: uppercase;}","h1 {font-size: 24px;}",".text-w-image__content {height: 280px !important; padding-bottom: 40px;}"],"settings":{"color_text":"rgba(0,0,0,0)","color_bg":"rgba(0,0,0,0)","seo_h_tag":"h4"}},"f5c9e455-9259-4b59-a469-7137e1dcd2e9":{"type":"rich-text","blocks":{"6da1339f-6e01-4ebb-a7ce-bf70deb7a84d":{"type":"heading","settings":{"heading":"<h1>BOOKING DETAILS<\/h1>","heading_size":"regular","seo_h_tag":"h1"}},"e8fb40f1-dc34-4ac4-a863-902d9bc146e5":{"type":"text","settings":{"text":"<h3>Please select your preferred style from our Tulip collection to initiate the personalization process. Once you've chosen, proceed to the checkout and finalize your order.<\/h3>"}},"af7c300a-432a-4435-8a77-af7bc4920a9f":{"type":"button","disabled":true,"settings":{"button_label":"explore tulip collection","button_link":"shopify:\/\/collections\/tulip"}}},"block_order":["6da1339f-6e01-4ebb-a7ce-bf70deb7a84d","e8fb40f1-dc34-4ac4-a863-902d9bc146e5","af7c300a-432a-4435-8a77-af7bc4920a9f"],"custom_css":["h1 {font-size: 24px; text-transform: uppercase; text-align: center; padding-bottom: 40px;}","h3 {font-size: 16px; line-height: 150%; text-align: center; color: #a09d99;}",".rich-text--text-center {vertical-align: middle; display: flex; justify-content: space-between; align-items: center;}"],"settings":{"text_alignment":"center","image":"shopify:\/\/shop_images\/Frame_924546.png","image_position":"align-left","image_height":"75vh","color_text":"rgba(0,0,0,0)","color_bg":"rgba(0,0,0,0)"}},"6f19c11f-9372-41c1-8349-c2639aa09e18":{"type":"text-columns","blocks":{"5836b0b3-8c61-4a04-a07b-de04da6158c0":{"type":"text","settings":{"title":"Streamlining","body":"<h1>Lead time<\/h1><p>_________<\/p><p>Our personalization service requires a one-month lead time from the order placement date.<\/p>"}},"ab846bee-191e-4697-bfd4-61252297e3be":{"type":"text","settings":{"title":"Manageable","body":"<h1>Delivery estimate<\/h1><p>_________<\/p><p>Following the customization period, your tailored piece will be dispatched promptly. You can expect to receive it within the specified delivery window.<\/p>"}},"4ca4aa41-2bbe-4d9c-b00b-750aa267da8d":{"type":"text","settings":{"title":"quick & easy","body":"<h1>Updates and tracking<\/h1><p>_________<\/p><p>Throughout the process, you will receive regular updates on the status of your order. A tracking number will be provided once your masterpiece is en route.Should you have any specific requests or inquiries, please don't hesitate to contact our dedicated support team.<\/p>"}}},"block_order":["5836b0b3-8c61-4a04-a07b-de04da6158c0","ab846bee-191e-4697-bfd4-61252297e3be","4ca4aa41-2bbe-4d9c-b00b-750aa267da8d"],"custom_css":["p {font-size: 15px; color: #a09d99;}","h4 {font-size: 10px; text-transform: uppercase;}","h1 {font-size: 24px;}",".text-w-image__content {height: 260px !important; padding-bottom: 40px;}"],"settings":{"color_text":"rgba(0,0,0,0)","color_bg":"rgba(0,0,0,0)","seo_h_tag":"h4"}},"2edeb2b8-0421-47b8-b0e7-9d36bcca9886":{"type":"rich-text","blocks":{"50a087ce-bf56-4972-ab65-919076db06dd":{"type":"heading","settings":{"heading":"<h1>PERFECT FOR EVERY OCCASION<\/h1>","heading_size":"regular","seo_h_tag":"span"}},"530e4b3d-89be-44ec-90a6-250b812fd6cb":{"type":"text","settings":{"text":"<h3>As the birthday of your little one approaches, or perhaps another cherished event is on the horizon, imagine the delight of presenting a gift that radiates thoughtfulness and care. Our personalization service isn't just a touch of individuality; it reflects your unique essence. Be it a milestone birthday or any other extraordinary celebration, a bespoke Tulip piece is a treasure that captures the essence of the moment, transcending time itself.<\/h3><h3>Prepare to witness the joy and astonishment of gifting something truly exceptional.<\/h3>"}}},"block_order":["50a087ce-bf56-4972-ab65-919076db06dd","530e4b3d-89be-44ec-90a6-250b812fd6cb"],"custom_css":["h1 {font-size: 24px; text-transform: uppercase; text-align: center; padding-bottom: 40px;}","h3 {font-size: 16px; line-height: 150%; text-align: center; color: #a09d99;}",".rich-text--text-center {vertical-align: middle; display: flex; justify-content: space-between; align-items: center;}"],"settings":{"text_alignment":"center","image":"shopify:\/\/shop_images\/Frame_924547.png","image_position":"align-right","image_height":"75vh","color_text":"rgba(0,0,0,0)","color_bg":"rgba(0,0,0,0)"}},"4250e018-2e08-4f60-8234-f8b08850bef6":{"type":"text-columns","blocks":{"3b3a9187-00e0-4636-91c8-e17451f65024":{"type":"text","settings":{"title":"Our promise","body":"<h1>Enhance your space, make it yours<\/h1><p>_________<\/p><p>At BIMBO CASA, we believe that a home should reflect the personality of its inhabitants. With our personalized Tulip collection, you're not just buying furniture but investing in an experience. <\/p><p>-Explore the possibilities. <\/p><p>-Embrace the extraordinary. <\/p><p>-Personalize your Tulip piece today.<\/p>"}},"afe62ad5-06f8-447f-9059-c824c447571b":{"type":"text","settings":{"title":"Easy","body":"<h1>Ordering process<\/h1><p>_________<\/p><p>Ordering your personalized Tulip piece is as enjoyable as it is straightforward. Our user-friendly platform ensures an experience that allows you to focus on bringing your vision to life.<\/p>"}}},"block_order":["3b3a9187-00e0-4636-91c8-e17451f65024","afe62ad5-06f8-447f-9059-c824c447571b"],"custom_css":["p {font-size: 15px; color: #a09d99;}","h4 {font-size: 10px; text-transform: uppercase;}","h1 {font-size: 24px;}",".text-w-image__content {height: 400px !important; padding-bottom: 40px;}"],"settings":{"color_text":"rgba(0,0,0,0)","color_bg":"rgba(0,0,0,0)","seo_h_tag":"h4"}},"b5d0a5cb-d48d-41a9-ac19-54b711181aa1":{"type":"rich-text","blocks":{"89750e0e-8e00-44d1-9129-28ab92674dec":{"type":"heading","settings":{"heading":"<h3>Personalized Furniture Consultation?<\/h3>","heading_size":"regular","seo_h_tag":"h3"}},"c1e8a068-c4a0-4761-b1b1-0632d2096189":{"type":"text","settings":{"text":"<p>Fill in the form to let it happen.<\/p>"}}},"block_order":["89750e0e-8e00-44d1-9129-28ab92674dec","c1e8a068-c4a0-4761-b1b1-0632d2096189"],"custom_css":["h3 {font-size: 24px;}","p {font-size: 15px; margin-top: 24px; color: #a09d99;}","@media screen and (min-width: 651px) {.rich-text__content {margin-bottom: 40px; }}"],"settings":{"text_alignment":"center","image_position":"align-left","image_height":"75vh","color_text":"rgba(0,0,0,0)","color_bg":"rgba(0,0,0,0)"}},"0e025238-ad7b-41de-9abc-4391be829788":{"type":"contact-form","blocks":{"template--21234951291173__0e025238-ad7b-41de-9abc-4391be829788-email-1":{"type":"email","settings":{}},"template--21234951291173__0e025238-ad7b-41de-9abc-4391be829788-field-1":{"type":"field","settings":{"label":"Message","type":"textarea","required":false}},"template--21234951291173__0e025238-ad7b-41de-9abc-4391be829788-button-1":{"type":"button","settings":{"label":"inquire"}}},"block_order":["template--21234951291173__0e025238-ad7b-41de-9abc-4391be829788-email-1","template--21234951291173__0e025238-ad7b-41de-9abc-4391be829788-field-1","template--21234951291173__0e025238-ad7b-41de-9abc-4391be829788-button-1"],"custom_css":["form {display: flex; flex-direction: column; justify-content: center; align-items: center; width: 100%;}",".button {width: 160px !important;}",".simple-form-field__button {display: flex; align-items: center; justify-content: center;}",".centered-section-content > div {width: 100%; max-width: 692px;}",".centered-section-content {display: flex; justify-content: center;}"],"settings":{"title":"","seo_h_tag":"h3"}}},"order":["main","3183b4c0-69e9-47a6-a3d7-bc497b82625e","5b15c56d-6caf-4ccd-a67e-4dff270b3002","45a5bb06-288b-4521-9e18-4c1c55e5b6b2","e8f89981-9ace-4e40-8630-de7e07466641","09843ac2-f144-4ee5-8ff5-f1a43672ba4b","dcd2c810-49d0-4350-b2af-fd90c89c9dfa","f5c9e455-9259-4b59-a469-7137e1dcd2e9","6f19c11f-9372-41c1-8349-c2639aa09e18","2edeb2b8-0421-47b8-b0e7-9d36bcca9886","4250e018-2e08-4f60-8234-f8b08850bef6","b5d0a5cb-d48d-41a9-ac19-54b711181aa1","0e025238-ad7b-41de-9abc-4391be829788"]}