{"sections":{"main":{"type":"main-product","blocks":{"title":{"type":"title","settings":{}},"price":{"type":"price","settings":{}},"variant_picker":{"type":"variant_picker","settings":{"show_variant_labels":true,"show_quantities":"no"}},"buy_buttons":{"type":"buy_buttons","settings":{"show_dynamic_checkout":false,"show_quantity_selector":true}},"pickup_avaiability":{"type":"pickup_avaiability","settings":{}},"description":{"type":"description","settings":{"product_description_truncated":"truncated truncated--small"}},"56622a1a-10ef-4b82-b2b2-6489833e6bbf":{"type":"rating","settings":{}}},"block_order":["title","price","variant_picker","buy_buttons","pickup_avaiability","description","56622a1a-10ef-4b82-b2b2-6489833e6bbf"],"custom_css":[".truncated__trigger {font-size: 10px; font-style: normal; font-weight: 500; line-height: 108%; letter-spacing: 0.24px; text-transform: uppercase;}","p {font-size: 16px;}"],"settings":{"gallery_style":"slider","gallery_slider_style":true,"gallery_pagination":"dots","gallery_gutter":false,"enable_zoom":true,"enable_video_looping":false}},"6e663537-e140-403c-9fc2-8eff7826a42e":{"type":"slider-horizontal","blocks":{"template--20690005426469__6e663537-e140-403c-9fc2-8eff7826a42e-image-1":{"type":"image","settings":{"image":"shopify:\/\/shop_images\/Template_1.jpg","title":"","subheading":"","caption":"","button_label":"","url":"","color_text":"rgba(0,0,0,0)","color_bg":"rgba(0,0,0,0)","seo_h_tag":"h2"}},"template--20690005426469__6e663537-e140-403c-9fc2-8eff7826a42e-image-2":{"type":"image","settings":{"image":"shopify:\/\/shop_images\/Template_2.jpg","title":"","subheading":"","caption":"","button_label":"","url":"","color_text":"rgba(0,0,0,0)","color_bg":"rgba(0,0,0,0)","seo_h_tag":"h2"}},"template--20690005426469__6e663537-e140-403c-9fc2-8eff7826a42e-image-3":{"type":"image","settings":{"image":"shopify:\/\/shop_images\/Template_3.jpg","title":"","subheading":"","caption":"","button_label":"","url":"","color_text":"rgba(0,0,0,0)","color_bg":"rgba(0,0,0,0)","seo_h_tag":"h2"}}},"block_order":["template--20690005426469__6e663537-e140-403c-9fc2-8eff7826a42e-image-1","template--20690005426469__6e663537-e140-403c-9fc2-8eff7826a42e-image-2","template--20690005426469__6e663537-e140-403c-9fc2-8eff7826a42e-image-3"],"custom_css":[".css-slider-holder {margin-left: var(--horizontal-padding); margin-right: var(--horizontal-padding);}",".slide__image {border-radius: 4px; object-fit: contain;}","[data-ratio].lazy-image img {width: 100%; object-fit: contain;}"],"settings":{"size":"100vh","mobile_size":"60vh","text_size":"regular","alignment":"horizontal-left vertical-bottom","gutter_enabled":false}},"fc38241b-4e0a-40f7-9e06-a4abd584d3ad":{"type":"rich-text","blocks":{"template--20690005426469__fc38241b-4e0a-40f7-9e06-a4abd584d3ad-heading-1":{"type":"heading","settings":{"heading":"<h1>{{ product.metafields.custom.product_story_title.value }}<\/h1>","heading_size":"huge","seo_h_tag":"h1"}},"7755a5d9-b5f9-4830-b42f-b292cf07f976":{"type":"heading","settings":{"heading":"<h6>{{ product.metafields.custom.story_small_header.value }}<\/h6>","heading_size":"large","seo_h_tag":"span"}},"template--20690005426469__fc38241b-4e0a-40f7-9e06-a4abd584d3ad-text-1":{"type":"text","settings":{"text":"<h6>{{ product.metafields.custom.story_text | metafield_tag }}<\/h6>"}}},"block_order":["template--20690005426469__fc38241b-4e0a-40f7-9e06-a4abd584d3ad-heading-1","7755a5d9-b5f9-4830-b42f-b292cf07f976","template--20690005426469__fc38241b-4e0a-40f7-9e06-a4abd584d3ad-text-1"],"custom_css":["h1 {font-size: 48px; text-transform: uppercase; margin-top: 0; margin-bottom: 8px; font-weight: 400; line-height: 108%; letter-spacing: 0.96px;}",".h0 {margin-bottom: 40px;}"],"settings":{"text_alignment":"center","image_position":"align-left","image_height":"75vh","color_text":"rgba(0,0,0,0)","color_bg":"rgba(0,0,0,0)"}},"01622ff5-d5f6-4f5d-8e35-1599c794afd6":{"type":"image","custom_css":[".lazy-image {margin-left: calc(var(--horizontal-padding) * 2) !important; margin-right: calc(var(--horizontal-padding) * 2) !important; object-fit: contain; padding-top: 35% !important;}"],"settings":{"image":"{{ product.metafields.custom.story_product_image.value }}","mobile_image":"{{ product.metafields.custom.story_product_image.value }}","link":"","open_in_new_window":false,"gutter_enabled":false}},"product-recommendations":{"type":"product-recommendations","custom_css":[".product__price {display: none;}",".h5 {text-transform: uppercase; font-size: 14px; font-weight: 500;}",".collection--slider {margin-top: 40px;}"],"settings":{"heading":"You may also like"}},"d008efb1-7a60-4c29-ab67-4b1851c18dea":{"type":"text-columns-with-icons","blocks":{"template--20690005426469__d008efb1-7a60-4c29-ab67-4b1851c18dea-text-icon-2":{"type":"text-icon","settings":{"title":"Shipping","body":"<p>Write some useful information about your shipping details<\/p>","icon":"open-box"}},"template--20690005426469__d008efb1-7a60-4c29-ab67-4b1851c18dea-text-icon-1":{"type":"text-icon","settings":{"title":"Delivery","body":"<p>Let your customers know if you offer free delivery for certain types of orders<\/p>","icon":"delivery"}},"template--20690005426469__d008efb1-7a60-4c29-ab67-4b1851c18dea-text-icon-3":{"type":"text-icon","settings":{"title":"Returns","body":"<p>Show customers how much time they have for testing your products<\/p>","icon":"time-limit"}}},"block_order":["template--20690005426469__d008efb1-7a60-4c29-ab67-4b1851c18dea-text-icon-2","template--20690005426469__d008efb1-7a60-4c29-ab67-4b1851c18dea-text-icon-1","template--20690005426469__d008efb1-7a60-4c29-ab67-4b1851c18dea-text-icon-3"],"custom_css":["h1 {font-size: 24px;}","p {font-size: 14px;}","#text-w-icons-template--20690005426469__d008efb1-7a60-4c29-ab67-4b1851c18dea {margin-bottom: 160px;}"],"settings":{"text_alignment":"left","color_text":"rgba(0,0,0,0)","color_bg":"rgba(0,0,0,0)","seo_h_tag":"h1"}}},"order":["main","6e663537-e140-403c-9fc2-8eff7826a42e","fc38241b-4e0a-40f7-9e06-a4abd584d3ad","01622ff5-d5f6-4f5d-8e35-1599c794afd6","product-recommendations","d008efb1-7a60-4c29-ab67-4b1851c18dea"]}