{"sections":{"main":{"type":"main-product","blocks":{"title":{"type":"title","settings":{}},"price":{"type":"price","settings":{}},"variant_picker":{"type":"variant_picker","settings":{"show_variant_labels":true,"show_quantities":"no"}},"buy_buttons":{"type":"buy_buttons","settings":{"show_dynamic_checkout":false,"show_quantity_selector":true}},"pickup_avaiability":{"type":"pickup_avaiability","settings":{}},"description":{"type":"description","settings":{"product_description_truncated":"truncated truncated--small"}},"56622a1a-10ef-4b82-b2b2-6489833e6bbf":{"type":"rating","settings":{}},"22100bf7-6c62-4766-98a6-7b826a195b4d":{"type":"collapsible_tab","settings":{"heading":"Delivery & Shipping","content":"<p>{{ product.metafields.custom.product_delivery | metafield_tag }}<\/p>","page":""}},"5433b98e-af23-4bc1-b215-cc35f66ada77":{"type":"collapsible_tab","settings":{"heading":"{{ product.metafields.custom.product_dimension_size_naming.value }}","content":"<p>{{ product.metafields.custom.product_details | metafield_tag }}<\/p>","page":""}},"d186d072-20e6-424e-b8ee-9ff22d1b5ad1":{"type":"shopify:\/\/apps\/essential-trust-badges\/blocks\/app-block\/0ff65b25-07e1-408e-950f-f54dd3d1751b","settings":{"banner_display":"all","banner_id":""}}},"block_order":["title","price","variant_picker","buy_buttons","pickup_avaiability","description","56622a1a-10ef-4b82-b2b2-6489833e6bbf","22100bf7-6c62-4766-98a6-7b826a195b4d","5433b98e-af23-4bc1-b215-cc35f66ada77","d186d072-20e6-424e-b8ee-9ff22d1b5ad1"],"custom_css":[".truncated__trigger {font-size: 10px; font-style: normal; font-weight: 500; line-height: 108%; letter-spacing: 0.24px; text-transform: uppercase;}","p,ul,.rte {font-size: 15px; color: #a09d99;}",".toggle__title {font-size: 15px; color: #827c77;}",".swym-button-bar {height: 40px; margin-top: 0px; padding-bottom: 10px;}",".swym-add-to-wishlist.swym-icon {line-height: 40px;}",".css-slider-button {display: none !important;}"],"settings":{"gallery_style":"slider","gallery_slider_style":true,"gallery_pagination":"thumbnails","gallery_gutter":true,"enable_zoom":false,"enable_video_looping":false}},"fc38241b-4e0a-40f7-9e06-a4abd584d3ad":{"type":"rich-text","blocks":{"template--20690005426469__fc38241b-4e0a-40f7-9e06-a4abd584d3ad-heading-1":{"type":"heading","settings":{"heading":"<h1>{{ product.metafields.custom.product_story_title.value }}<\/h1>","heading_size":"huge","seo_h_tag":"h1"}},"7755a5d9-b5f9-4830-b42f-b292cf07f976":{"type":"heading","settings":{"heading":"<h6>{{ product.metafields.custom.story_small_header.value }}<\/h6>","heading_size":"large","seo_h_tag":"span"}},"template--20690005426469__fc38241b-4e0a-40f7-9e06-a4abd584d3ad-text-1":{"type":"text","settings":{"text":"<h6>{{ product.metafields.custom.story_text | metafield_tag }}<\/h6>"}}},"block_order":["template--20690005426469__fc38241b-4e0a-40f7-9e06-a4abd584d3ad-heading-1","7755a5d9-b5f9-4830-b42f-b292cf07f976","template--20690005426469__fc38241b-4e0a-40f7-9e06-a4abd584d3ad-text-1"],"custom_css":["h1 {font-size: 48px; text-transform: uppercase; margin-bottom: 8px; font-weight: 400; line-height: 108%; letter-spacing: 0.96px;}",".h0 {margin-bottom: 40px;}","@media screen and (min-width: 649px) and (max-width: 948px) {.centered-section-content {padding-left: calc(var(--horizontal-padding) * 5) !important; padding-right: calc(var(--horizontal-padding) * 5) !important; }}",".rich-text {margin-top: 80px; margin-bottom: 80px;}"],"settings":{"text_alignment":"center","image_position":"align-left","image_height":"75vh","color_text":"rgba(0,0,0,0)","color_bg":"rgba(0,0,0,0)"}},"01622ff5-d5f6-4f5d-8e35-1599c794afd6":{"type":"image","custom_css":[".lazy-image (max-width: 948px) {margin-left: calc(var(--horizontal-padding) * 0) !important; margin-right: calc(var(--horizontal-padding) * 0) !important; object-fit: contain; padding-top: 35% !important;}"],"settings":{"image":"{{ product.metafields.custom.story_product_image.value }}","mobile_image":"{{ product.metafields.custom.story_product_image.value }}","link":"","open_in_new_window":false,"gutter_enabled":true}},"ecdc72c9-0aad-4603-903e-767136edce89":{"type":"faq","blocks":{"template--20690005426469__ecdc72c9-0aad-4603-903e-767136edce89-text-1":{"type":"text","settings":{"title":"Dimension","body":"","image":"shopify:\/\/shop_images\/Component_134.jpg"}},"template--20690005426469__ecdc72c9-0aad-4603-903e-767136edce89-text-2":{"type":"text","settings":{"title":"Material and Details","body":"","image":"shopify:\/\/shop_images\/Component_135.jpg"}},"12501a20-8c3a-4e86-901d-4c244ae4c774":{"type":"text","disabled":true,"settings":{"title":"Sustainable","body":"<p>At Bimbo Casa, we create sustainable, high-quality products that are both inspirational and aesthetically pleasing. Our in-house designs are crafted with care to ensure children can explore their creativity and develop their skills in a safe and stimulating environment. We are committed to providing the highest quality products and services to our customers.<\/p>"}},"template--20690005426469__ecdc72c9-0aad-4603-903e-767136edce89-text-3":{"type":"text","disabled":true,"settings":{"title":"Shipping","body":"<p>Read about our <a href=\"\/pages\/delivery\" title=\"Delivery\">delivery policy<\/a><\/p>"}},"0e0fcc3a-463f-4539-b632-4a7433d1c64c":{"type":"text","disabled":true,"settings":{"title":"Guarantee return","body":"<p>Read about our <a href=\"\/pages\/terms-conditions\" title=\"Terms & Conditions\">terms & conditions<\/a><\/p>"}}},"block_order":["template--20690005426469__ecdc72c9-0aad-4603-903e-767136edce89-text-1","template--20690005426469__ecdc72c9-0aad-4603-903e-767136edce89-text-2","12501a20-8c3a-4e86-901d-4c244ae4c774","template--20690005426469__ecdc72c9-0aad-4603-903e-767136edce89-text-3","0e0fcc3a-463f-4539-b632-4a7433d1c64c"],"disabled":true,"custom_css":[".symbol--plus {display: none;}","svg {margin-right: 20px;}","h2 {margin-bottom: 24px;}","p {color: #a09d99; font-size: 14px; margin-left: 40px;}",".centered-section-content > div {width: 100%;}",".centered-section-content {display: flex; justify-content: center;}",".lazy-image img {max-width: 692px; object-fit: contain; justify-content: center;}"],"settings":{"title":"product description","open_first":false,"seo_h_tag":"h2"}},"5714a00d-0ba6-478f-a358-4ac41db4af0c":{"type":"video-background","blocks":{"template--20690005426469__5714a00d-0ba6-478f-a358-4ac41db4af0c-heading-1":{"type":"heading","settings":{"heading":"Shipping","heading_size":"regular","seo_h_tag":"h2"}},"template--20690005426469__5714a00d-0ba6-478f-a358-4ac41db4af0c-text-1":{"type":"text","settings":{"text":"<p>Read about our <a href=\"\/pages\/delivery\" title=\"Delivery\">delivery policy<\/a><\/p>","text_size":"regular"}}},"block_order":["template--20690005426469__5714a00d-0ba6-478f-a358-4ac41db4af0c-heading-1","template--20690005426469__5714a00d-0ba6-478f-a358-4ac41db4af0c-text-1"],"disabled":true,"custom_css":["h2 {color: #ffffff;}","p {color: #ffffff;}"],"settings":{"video_height":"56.25%","video_mobile_height":"56.25%","text_width":"50%","text_alignment":"horizontal-left vertical-bottom","color_text":"rgba(0,0,0,0)","color_bg":"rgba(0,0,0,0)","gutter_enabled":true}},"product-recommendations":{"type":"product-recommendations","custom_css":[".product__price {display: none;}",".h5 {text-transform: uppercase; font-size: 14px; font-weight: 500;}",".collection--slider {margin-top: 40px;}",".css-slider--simple-dots .css-slider-dot-navigation {display: none !important;}","@media screen and (min-width: 648px) and (max-width: 948px) {.full-width-section-content.gutter--on {padding-left: calc(var(--horizontal-padding) * 2) !important; padding-right: calc(var(--horizontal-padding) *) !important; }}"],"settings":{"heading":"You may also like"}},"d008efb1-7a60-4c29-ab67-4b1851c18dea":{"type":"text-columns-with-icons","blocks":{"template--20690005426469__d008efb1-7a60-4c29-ab67-4b1851c18dea-text-icon-2":{"type":"text-icon","settings":{"title":"Shipping","body":"<p>We pride ourselves on efficient, hassle-free shipping that transcends geographical boundaries.<\/p>","icon":"open-box"}},"template--20690005426469__d008efb1-7a60-4c29-ab67-4b1851c18dea-text-icon-1":{"type":"text-icon","settings":{"title":"Delivery","body":"<p>From loading to unboxing, your furniture is treated with care, arriving at your home in pristine condition.<\/p>","icon":"delivery"}},"d7e36f45-b144-4a50-8d54-2ceba672ac41":{"type":"text-icon","settings":{"title":"Return","body":"<p>If you have any questions or need assistance during the return process, our dedicated customer support team is here to help. <\/p>","icon":"time-limit"}},"template--20690005426469__d008efb1-7a60-4c29-ab67-4b1851c18dea-text-icon-3":{"type":"text-icon","settings":{"title":"Sustainability","body":"<p>We create sustainable, high-quality products that are both inspirational and aesthetically pleasing.<\/p>","icon":"earth-globe","image":"shopify:\/\/shop_images\/heart-256_6e329ac6-14ca-494d-98fc-40f8c3b2f1a8.png"}}},"block_order":["template--20690005426469__d008efb1-7a60-4c29-ab67-4b1851c18dea-text-icon-2","template--20690005426469__d008efb1-7a60-4c29-ab67-4b1851c18dea-text-icon-1","d7e36f45-b144-4a50-8d54-2ceba672ac41","template--20690005426469__d008efb1-7a60-4c29-ab67-4b1851c18dea-text-icon-3"],"custom_css":["h1 {font-size: 20px;}","p {font-size: 14px; color: #a09d99;}","#text-w-icons-template--20690005426469__d008efb1-7a60-4c29-ab67-4b1851c18dea {margin-bottom: 160px;}","@media screen and (min-width: 648px) and (max-width: 948px) {.text-w-icon {padding-left: calc(var(--horizontal-padding) * 2) !important; padding-right: calc(var(--horizontal-padding) *) !important; }}"],"settings":{"text_alignment":"left","color_text":"rgba(0,0,0,0)","color_bg":"rgba(0,0,0,0)","seo_h_tag":"h1"}}},"order":["main","fc38241b-4e0a-40f7-9e06-a4abd584d3ad","01622ff5-d5f6-4f5d-8e35-1599c794afd6","ecdc72c9-0aad-4603-903e-767136edce89","5714a00d-0ba6-478f-a358-4ac41db4af0c","product-recommendations","d008efb1-7a60-4c29-ab67-4b1851c18dea"]}