{"sections":{"main":{"type":"product-quick-view","blocks":{"vendor":{"type":"vendor","settings":{}},"title":{"type":"title","settings":{}},"price":{"type":"price","settings":{}},"variant_picker":{"type":"variant_picker","settings":{"show_variant_labels":true,"show_quantities":"no"}},"buy_buttons":{"type":"buy_buttons","settings":{"show_dynamic_checkout":true,"show_quantity_selector":true}},"description":{"type":"description","settings":{"product_description_truncated":"31"}}},"block_order":["vendor","title","price","variant_picker","buy_buttons","description"],"custom_css":[".truncated__trigger {font-size: 10px; font-style: normal; font-weight: 500; line-height: 108%; letter-spacing: 0.24px; text-transform: uppercase;}","p,ul,.rte {font-size: 15px; color: #a09d99;}",".css-slider-dot-navigation {display: none !important;}",".css-slider-button {top: 40%;}"],"settings":{"enable_video_looping":false}}},"order":["main"],"layout":"popup"}