{"type":"footer","name":"t:sections.refactor_words.labels.footer_group","sections":{"footer":{"type":"footer","blocks":{"1568899717495":{"type":"menus","settings":{"title_1":"customer care","menu_1":"customer-care","title_2":"Second menu","menu_2":""}},"1568899707223":{"type":"newsletter","settings":{"title":"Welcome to our world"}},"e4731d18-6c76-479e-b3d6-83fb97bd7dcf":{"type":"social","settings":{"title":"Follow us"}}},"block_order":["1568899717495","1568899707223","e4731d18-6c76-479e-b3d6-83fb97bd7dcf"],"custom_css":[".footer-copyright {display: none;}",".newsletter__input {width: 50%;}",".rte {font-size: 14px; opacity: 0.6; max-width: 400px; color: #a09d99;}",".footer-menus {justify-content: flex-start;}",".newsletter__form {max-width: 400px;}",".footer {margin-top: 120px;}",".body-text-sm {text-transform: uppercase; font-size: 11px;}","h4 {font-size: 11px;}"],"settings":{"show_payment_icons":false,"show_locale_selector":false,"show_country_selector":true,"seo_h_tag":"h4"}}},"order":["footer"]}